id_tiempo,FechaEncuesta,MesEncuesta,HoraEncuesta
1,2026-04-15,4,09:46:21
2,2026-01-26,1,08:45:33
3,2026-04-22,4,22:23:58
4,2026-01-28,1,21:58:00
5,2026-03-04,3,12:59:08
6,2026-02-05,2,20:39:21
7,2026-01-20,1,19:19:11
8,2026-03-30,3,15:35:48
9,2026-01-11,1,08:06:15
10,2026-02-21,2,16:46:49
11,2026-04-04,4,19:56:16
12,2026-01-29,1,19:45:23
13,2026-05-05,5,07:34:13
14,2026-04-28,4,22:27:22
15,2026-02-10,2,18:43:52
16,2026-03-23,3,11:27:17
17,2026-05-08,5,19:46:11
18,2026-05-10,5,21:13:38
19,2026-02-11,2,21:12:23
20,2026-03-31,3,10:59:38
21,2026-02-17,2,12:08:17
22,2026-04-16,4,07:10:32
23,2026-03-30,3,12:07:11
24,2026-02-11,2,09:29:29
25,2026-04-16,4,10:46:54
26,2026-04-18,4,20:55:47
27,2026-02-06,2,10:57:28
28,2026-03-14,3,08:34:22
29,2026-05-01,5,11:43:51
30,2026-03-09,3,10:15:42
31,2026-02-17,2,15:28:47
32,2026-03-16,3,16:02:47
33,2026-03-18,3,14:00:26
34,2026-05-02,5,10:26:15
35,2026-01-12,1,21:27:56
36,2026-03-24,3,15:20:27
37,2026-02-19,2,10:42:21
38,2026-02-28,2,16:58:55
39,2026-04-26,4,07:48:49
40,2026-01-29,1,13:20:10
41,2026-01-25,1,19:16:37
42,2026-04-06,4,20:04:30
43,2026-03-14,3,22:44:27
44,2026-03-05,3,14:41:13
45,2026-04-18,4,17:45:15
46,2026-03-16,3,20:47:20
47,2026-01-21,1,18:25:48
48,2026-03-12,3,21:44:33
49,2026-02-22,2,18:11:52
50,2026-03-16,3,20:07:23
51,2026-01-25,1,21:57:57
52,2026-03-10,3,07:50:56
53,2026-01-27,1,21:25:44
54,2026-02-04,2,18:07:03
55,2026-01-19,1,08:12:58
56,2026-04-13,4,10:57:46
57,2026-03-31,3,22:19:16
58,2026-03-30,3,19:18:16
59,2026-03-06,3,12:51:11
60,2026-03-29,3,11:39:33
61,2026-02-06,2,16:19:28
62,2026-04-15,4,22:05:23
63,2026-04-16,4,16:26:02
64,2026-04-02,4,20:04:58
65,2026-04-27,4,12:41:53
66,2026-02-21,2,15:38:32
67,2026-04-04,4,10:41:19
68,2026-01-15,1,20:39:40
69,2026-03-15,3,15:35:21
70,2026-02-26,2,18:48:18
71,2026-01-27,1,07:04:36
72,2026-05-01,5,15:20:49
73,2026-02-07,2,12:46:28
74,2026-04-16,4,16:04:50
75,2026-01-19,1,08:45:23
76,2026-03-02,3,17:16:39
77,2026-05-05,5,18:39:40
78,2026-04-15,4,22:25:07
79,2026-01-11,1,15:13:07
80,2026-03-24,3,13:33:14
81,2026-03-09,3,20:45:03
82,2026-04-07,4,13:00:52
83,2026-04-14,4,09:29:14
84,2026-05-05,5,20:39:30
85,2026-01-24,1,16:41:54
86,2026-01-15,1,16:30:03
87,2026-03-24,3,11:35:42
88,2026-02-01,2,09:58:01
89,2026-05-10,5,13:03:27
90,2026-04-29,4,07:02:05
91,2026-03-05,3,18:44:08
92,2026-02-16,2,12:18:19
93,2026-04-18,4,09:49:07
94,2026-03-13,3,08:33:49
95,2026-03-18,3,07:22:43
96,2026-04-07,4,08:03:07
97,2026-04-17,4,08:17:23
98,2026-02-24,2,20:42:43
99,2026-02-13,2,14:21:09
100,2026-04-30,4,20:40:47
101,2026-01-16,1,14:15:41
102,2026-05-10,5,12:13:31
103,2026-03-30,3,13:59:45
104,2026-03-29,3,17:45:36
105,2026-02-05,2,18:15:46
106,2026-03-12,3,09:49:06
107,2026-03-25,3,19:17:25
108,2026-03-13,3,07:04:47
109,2026-01-15,1,21:17:32
110,2026-02-13,2,21:25:41
111,2026-01-24,1,08:15:47
112,2026-03-19,3,09:58:39
113,2026-03-21,3,18:00:39
114,2026-02-14,2,15:27:49
115,2026-04-14,4,12:50:46
116,2026-04-26,4,13:45:33
117,2026-04-17,4,17:20:43
118,2026-04-09,4,20:56:50
119,2026-01-31,1,09:56:14
120,2026-04-25,4,19:09:54
121,2026-04-01,4,19:47:19
122,2026-01-13,1,12:47:13
123,2026-04-03,4,12:00:59
124,2026-02-18,2,12:27:19
125,2026-03-20,3,18:05:01
126,2026-02-18,2,22:50:24
127,2026-02-23,2,18:41:55
128,2026-01-31,1,16:11:37
129,2026-03-10,3,21:32:23
130,2026-01-28,1,18:08:16
131,2026-03-22,3,18:28:25
132,2026-03-06,3,12:28:32
133,2026-02-19,2,07:07:31
134,2026-04-27,4,11:34:20
135,2026-05-09,5,22:28:55
136,2026-04-04,4,13:53:45
137,2026-03-09,3,11:05:33
138,2026-03-28,3,09:46:46
139,2026-02-02,2,21:49:10
140,2026-02-15,2,18:31:25
141,2026-03-10,3,17:28:11
142,2026-03-07,3,17:13:01
143,2026-01-28,1,18:56:02
144,2026-01-17,1,22:14:31
145,2026-04-12,4,15:26:21
146,2026-02-27,2,07:28:44
147,2026-04-26,4,15:03:01
148,2026-03-08,3,07:32:23
149,2026-04-01,4,15:29:11
150,2026-04-19,4,18:54:41
151,2026-01-15,1,18:11:58
152,2026-01-30,1,13:11:27
153,2026-03-28,3,09:20:59
154,2026-04-02,4,19:44:19
155,2026-01-23,1,21:08:07
156,2026-02-22,2,19:10:38
157,2026-05-01,5,17:20:17
158,2026-02-25,2,20:41:36
159,2026-01-28,1,17:36:47
160,2026-02-23,2,19:30:06
161,2026-01-26,1,20:33:24
162,2026-02-19,2,09:10:46
163,2026-01-21,1,09:40:01
164,2026-01-16,1,19:58:04
165,2026-02-28,2,10:43:12
166,2026-04-06,4,07:59:35
167,2026-02-24,2,21:37:34
168,2026-04-27,4,15:47:27
169,2026-04-16,4,17:17:55
170,2026-04-08,4,09:01:11
171,2026-02-18,2,07:29:40
172,2026-04-05,4,07:16:34
173,2026-04-04,4,19:01:09
174,2026-03-31,3,08:46:43
175,2026-02-07,2,19:55:28
176,2026-01-18,1,11:08:35
177,2026-02-12,2,17:30:22
178,2026-02-26,2,16:51:50
179,2026-03-02,3,10:58:59
180,2026-02-02,2,19:51:36
181,2026-03-10,3,12:48:59
182,2026-01-29,1,12:27:33
183,2026-03-08,3,22:52:56
184,2026-03-04,3,11:42:21
185,2026-05-08,5,22:27:45
186,2026-02-07,2,21:54:54
187,2026-02-26,2,10:50:03
188,2026-05-08,5,11:36:28
189,2026-03-24,3,13:32:46
190,2026-04-08,4,14:14:55
191,2026-02-03,2,12:14:07
192,2026-03-21,3,09:50:43
193,2026-03-21,3,18:48:04
194,2026-05-06,5,17:06:43
195,2026-03-02,3,18:44:56
196,2026-01-31,1,20:28:30
197,2026-03-16,3,16:55:50
198,2026-01-22,1,21:47:13
199,2026-01-23,1,10:40:18
200,2026-01-13,1,14:48:43
201,2026-04-28,4,22:38:41
202,2026-02-16,2,13:03:46
203,2026-02-18,2,07:54:13
204,2026-04-23,4,20:55:34
205,2026-02-05,2,08:39:03
206,2026-03-24,3,18:14:24
207,2026-01-23,1,18:24:47
208,2026-01-20,1,11:19:51
209,2026-03-09,3,12:05:44
210,2026-03-04,3,19:37:06
211,2026-05-07,5,19:20:58
212,2026-01-29,1,18:27:33
213,2026-03-07,3,12:38:58
214,2026-01-22,1,10:33:29
215,2026-04-01,4,16:21:47
216,2026-04-03,4,10:39:57
217,2026-05-08,5,13:18:39
218,2026-04-26,4,22:52:59
219,2026-04-04,4,13:48:36
220,2026-02-15,2,07:12:56
221,2026-01-19,1,21:42:28
222,2026-04-12,4,16:19:29
223,2026-02-15,2,18:38:08
224,2026-02-16,2,16:26:46
225,2026-01-13,1,15:54:17
226,2026-03-22,3,08:04:44
227,2026-01-13,1,18:51:18
228,2026-04-06,4,18:31:24
229,2026-02-03,2,22:11:50
230,2026-01-18,1,19:53:36
231,2026-04-25,4,08:01:00
232,2026-04-26,4,09:32:04
233,2026-02-11,2,09:21:39
234,2026-02-24,2,13:43:47
235,2026-01-19,1,21:57:15
236,2026-04-29,4,13:33:47
237,2026-03-06,3,14:37:13
238,2026-02-01,2,19:18:33
239,2026-04-11,4,19:53:44
240,2026-04-19,4,13:16:37
241,2026-01-25,1,21:27:35
242,2026-02-03,2,19:55:53
243,2026-04-12,4,21:11:00
244,2026-02-11,2,08:53:46
245,2026-05-05,5,22:15:50
246,2026-05-02,5,13:40:43
247,2026-05-06,5,20:15:14
248,2026-04-27,4,18:25:04
249,2026-02-14,2,18:40:15
250,2026-04-30,4,21:15:43
251,2026-01-26,1,19:04:37
252,2026-02-15,2,21:18:52
253,2026-03-20,3,19:27:20
254,2026-02-07,2,22:03:31
255,2026-04-06,4,13:06:59
256,2026-02-22,2,14:50:40
257,2026-05-10,5,09:00:55
258,2026-05-10,5,11:34:46
259,2026-02-10,2,17:59:08
260,2026-03-22,3,12:07:06
261,2026-05-06,5,10:42:23
262,2026-01-20,1,22:57:21
263,2026-04-05,4,17:17:03
264,2026-02-15,2,17:10:28
265,2026-03-15,3,15:52:47
266,2026-03-06,3,19:13:02
267,2026-01-10,1,19:16:14
268,2026-01-26,1,21:22:34
269,2026-01-11,1,08:04:00
270,2026-03-16,3,19:19:05
271,2026-02-26,2,15:55:08
272,2026-03-28,3,09:41:22
273,2026-03-21,3,08:25:26
274,2026-04-20,4,15:38:02
275,2026-01-19,1,19:15:32
276,2026-04-15,4,12:19:22
277,2026-04-17,4,18:26:55
278,2026-04-08,4,08:11:12
279,2026-03-10,3,16:02:10
280,2026-04-21,4,20:41:09
281,2026-03-03,3,17:54:10
282,2026-02-23,2,18:21:03
283,2026-02-26,2,17:57:46
284,2026-02-14,2,20:59:00
285,2026-02-09,2,15:04:17
286,2026-02-03,2,11:37:44
287,2026-02-21,2,21:05:25
288,2026-03-19,3,13:09:51
289,2026-01-16,1,17:43:08
290,2026-05-07,5,15:25:33
291,2026-03-20,3,10:51:22
1595,2026-04-27,4,16:44:15
293,2026-01-10,1,12:00:32
294,2026-02-20,2,09:22:52
295,2026-04-29,4,07:29:33
296,2026-04-02,4,20:21:35
297,2026-04-20,4,21:00:58
298,2026-04-09,4,10:09:32
299,2026-02-06,2,15:23:44
300,2026-02-16,2,21:22:06
301,2026-01-31,1,10:26:52
302,2026-04-28,4,15:06:40
303,2026-01-15,1,11:03:19
304,2026-03-18,3,15:51:13
305,2026-04-19,4,09:23:45
306,2026-01-17,1,18:10:26
307,2026-01-31,1,12:04:25
308,2026-02-01,2,09:38:12
309,2026-04-23,4,12:59:56
310,2026-01-14,1,20:01:11
311,2026-04-01,4,22:00:29
312,2026-01-29,1,18:28:33
313,2026-02-05,2,08:27:57
314,2026-03-26,3,07:53:56
315,2026-01-21,1,09:05:13
316,2026-02-09,2,15:21:12
317,2026-03-08,3,17:47:33
318,2026-04-16,4,13:05:41
319,2026-01-29,1,11:47:46
320,2026-02-04,2,10:39:13
321,2026-02-08,2,22:49:57
322,2026-04-09,4,12:40:23
323,2026-04-12,4,22:02:54
324,2026-02-09,2,07:16:47
325,2026-03-22,3,11:45:22
326,2026-05-10,5,22:11:45
327,2026-02-24,2,14:37:04
328,2026-03-16,3,17:08:19
329,2026-03-28,3,15:09:27
330,2026-01-25,1,20:12:55
331,2026-02-15,2,08:57:52
332,2026-02-05,2,12:55:02
333,2026-02-17,2,21:56:37
334,2026-05-01,5,18:54:05
335,2026-04-22,4,15:11:45
336,2026-05-02,5,16:43:32
337,2026-01-17,1,12:01:06
338,2026-02-26,2,14:03:07
339,2026-04-02,4,18:18:16
340,2026-02-04,2,17:50:17
341,2026-02-28,2,17:10:40
342,2026-02-16,2,16:17:44
343,2026-04-07,4,15:50:10
344,2026-04-07,4,09:09:14
345,2026-03-04,3,13:58:34
346,2026-02-09,2,17:18:20
347,2026-01-28,1,07:31:10
348,2026-03-13,3,12:32:12
1960,2026-01-19,1,13:17:45
350,2026-03-28,3,18:34:11
351,2026-05-08,5,14:04:00
352,2026-03-29,3,12:26:42
353,2026-02-01,2,13:07:06
354,2026-05-10,5,20:10:19
355,2026-04-22,4,15:08:38
356,2026-05-03,5,08:38:29
357,2026-03-21,3,10:30:37
358,2026-01-23,1,22:32:30
359,2026-04-10,4,20:21:01
360,2026-04-19,4,19:22:39
361,2026-04-05,4,15:49:15
362,2026-02-16,2,10:25:29
363,2026-03-18,3,10:55:43
364,2026-01-20,1,07:59:54
365,2026-03-01,3,18:45:25
366,2026-03-26,3,16:36:27
367,2026-02-28,2,15:16:12
368,2026-02-17,2,12:08:52
369,2026-04-26,4,14:12:47
370,2026-04-14,4,20:46:28
371,2026-02-17,2,19:54:47
372,2026-03-01,3,20:11:48
373,2026-04-04,4,10:10:53
374,2026-03-04,3,10:06:32
375,2026-04-18,4,10:51:42
376,2026-04-03,4,17:52:33
377,2026-03-20,3,14:30:28
378,2026-02-01,2,20:22:09
379,2026-03-28,3,20:22:42
380,2026-02-19,2,11:01:07
381,2026-05-02,5,22:26:59
382,2026-03-03,3,15:29:46
383,2026-04-27,4,18:26:39
384,2026-04-02,4,17:03:40
385,2026-01-16,1,10:41:02
386,2026-04-03,4,10:13:26
387,2026-02-01,2,11:54:06
388,2026-01-10,1,13:57:39
389,2026-04-09,4,16:45:17
390,2026-01-18,1,21:22:48
391,2026-03-06,3,19:29:00
392,2026-04-06,4,10:11:06
393,2026-04-02,4,20:42:05
394,2026-01-17,1,15:35:31
395,2026-03-27,3,07:56:18
396,2026-03-26,3,11:17:26
397,2026-03-13,3,16:34:44
398,2026-03-04,3,17:27:55
399,2026-02-09,2,11:57:43
400,2026-05-10,5,18:33:36
401,2026-04-08,4,18:22:34
402,2026-01-26,1,07:50:09
403,2026-02-14,2,16:25:50
404,2026-02-01,2,07:47:08
405,2026-01-29,1,17:47:06
406,2026-03-17,3,08:32:04
407,2026-03-26,3,10:55:43
408,2026-01-26,1,20:08:59
409,2026-05-06,5,17:20:42
410,2026-02-27,2,20:18:06
411,2026-03-06,3,20:09:57
412,2026-01-27,1,15:10:17
413,2026-03-17,3,20:06:42
414,2026-04-01,4,21:38:42
415,2026-04-13,4,22:59:04
416,2026-01-22,1,12:05:55
417,2026-03-10,3,18:21:05
418,2026-05-04,5,08:34:43
420,2026-05-01,5,19:09:13
421,2026-02-09,2,10:47:40
422,2026-03-13,3,17:28:42
423,2026-04-30,4,16:37:50
424,2026-04-14,4,07:34:59
425,2026-03-21,3,14:51:07
426,2026-04-10,4,17:18:33
427,2026-03-22,3,21:29:09
428,2026-03-28,3,07:49:23
429,2026-04-12,4,08:58:56
430,2026-01-20,1,08:05:12
431,2026-04-11,4,18:22:25
432,2026-01-23,1,17:42:31
433,2026-03-18,3,22:48:02
434,2026-03-30,3,15:07:11
435,2026-01-12,1,13:42:23
436,2026-02-14,2,11:55:50
437,2026-04-21,4,19:49:26
438,2026-02-03,2,17:53:46
439,2026-04-24,4,19:40:32
440,2026-01-22,1,10:58:02
441,2026-02-03,2,12:16:19
442,2026-01-23,1,13:04:23
443,2026-03-27,3,13:39:41
444,2026-03-21,3,15:23:49
445,2026-03-26,3,10:56:09
446,2026-05-01,5,15:55:51
447,2026-04-16,4,17:52:38
448,2026-01-31,1,07:37:22
449,2026-03-14,3,18:45:18
1193,2026-04-04,4,22:35:00
451,2026-04-22,4,09:07:08
452,2026-02-23,2,22:42:06
453,2026-03-24,3,22:39:48
454,2026-03-29,3,22:02:16
455,2026-03-21,3,21:14:00
456,2026-02-15,2,21:46:33
457,2026-03-26,3,18:44:31
458,2026-05-03,5,15:01:57
459,2026-01-12,1,10:55:11
460,2026-02-05,2,11:35:44
461,2026-01-13,1,13:08:47
462,2026-05-07,5,14:33:50
463,2026-04-15,4,09:59:57
1049,2026-02-06,2,22:38:59
465,2026-02-23,2,13:46:56
466,2026-01-14,1,17:10:29
467,2026-04-25,4,08:35:40
468,2026-04-11,4,13:20:29
469,2026-01-10,1,08:09:02
470,2026-04-23,4,09:33:19
471,2026-03-20,3,13:55:07
472,2026-01-23,1,07:17:00
473,2026-02-17,2,08:12:17
2439,2026-02-17,2,19:27:22
475,2026-04-21,4,09:50:56
476,2026-01-26,1,17:08:02
477,2026-03-22,3,07:59:50
478,2026-01-23,1,14:40:00
479,2026-04-25,4,10:23:41
480,2026-05-03,5,14:50:39
481,2026-05-02,5,20:31:44
482,2026-03-18,3,17:23:19
483,2026-03-15,3,19:15:36
484,2026-01-23,1,18:05:31
485,2026-05-02,5,22:13:49
486,2026-04-17,4,09:12:57
487,2026-05-03,5,07:17:26
488,2026-05-09,5,09:50:21
489,2026-05-02,5,19:13:14
490,2026-03-04,3,15:42:53
491,2026-02-17,2,13:56:41
492,2026-02-15,2,14:10:54
493,2026-05-02,5,19:00:58
494,2026-05-06,5,21:17:45
495,2026-04-15,4,22:15:40
496,2026-03-21,3,14:34:20
497,2026-01-29,1,13:03:35
498,2026-04-22,4,16:18:28
499,2026-03-24,3,20:22:32
500,2026-04-08,4,09:00:03
501,2026-02-05,2,12:23:20
502,2026-02-08,2,22:26:11
503,2026-01-16,1,16:30:47
504,2026-02-03,2,21:43:55
505,2026-02-22,2,07:34:26
506,2026-05-10,5,21:45:43
507,2026-02-18,2,17:48:40
508,2026-03-23,3,20:23:11
509,2026-04-18,4,15:41:33
510,2026-02-12,2,11:03:20
511,2026-02-27,2,07:15:00
512,2026-04-11,4,11:41:44
513,2026-01-21,1,14:32:09
514,2026-05-04,5,16:54:52
515,2026-03-26,3,21:26:52
516,2026-01-14,1,08:55:22
517,2026-03-11,3,08:05:18
518,2026-02-18,2,17:21:16
519,2026-05-08,5,22:08:52
520,2026-01-22,1,20:58:11
521,2026-01-21,1,12:45:32
522,2026-04-18,4,14:15:17
523,2026-02-02,2,11:11:46
524,2026-04-18,4,16:07:32
525,2026-04-17,4,16:48:39
526,2026-01-21,1,19:35:23
527,2026-02-18,2,18:48:17
528,2026-01-28,1,16:15:35
529,2026-02-13,2,08:43:04
530,2026-03-28,3,09:50:25
531,2026-04-04,4,21:32:48
532,2026-03-20,3,11:13:25
533,2026-04-06,4,13:10:44
534,2026-04-30,4,09:54:28
535,2026-02-28,2,16:11:41
536,2026-01-22,1,22:38:24
537,2026-03-18,3,15:11:14
538,2026-03-10,3,10:06:14
539,2026-04-09,4,17:29:50
540,2026-04-10,4,07:12:18
541,2026-01-28,1,21:49:28
542,2026-01-27,1,18:16:57
543,2026-03-21,3,14:08:25
544,2026-05-06,5,07:20:58
545,2026-03-20,3,11:10:15
546,2026-04-01,4,10:15:29
547,2026-05-03,5,16:40:33
548,2026-02-04,2,15:45:00
549,2026-02-28,2,15:18:23
550,2026-03-03,3,13:59:18
551,2026-03-29,3,08:30:44
552,2026-04-19,4,09:54:37
553,2026-04-28,4,15:10:56
554,2026-01-18,1,19:02:07
555,2026-04-23,4,14:35:17
556,2026-03-05,3,07:18:42
557,2026-04-06,4,07:52:52
558,2026-03-06,3,13:14:08
559,2026-03-01,3,13:55:31
560,2026-01-29,1,22:55:12
561,2026-04-13,4,11:43:57
562,2026-01-20,1,11:32:37
563,2026-03-04,3,17:11:13
564,2026-01-20,1,19:54:11
565,2026-04-03,4,11:23:14
566,2026-03-13,3,17:30:29
567,2026-01-23,1,17:58:44
568,2026-02-11,2,07:55:44
569,2026-02-01,2,14:47:08
570,2026-03-20,3,11:06:11
571,2026-01-30,1,22:40:33
572,2026-03-10,3,08:51:12
573,2026-03-15,3,22:48:19
574,2026-01-30,1,11:46:07
575,2026-05-01,5,22:56:45
576,2026-04-07,4,17:23:52
577,2026-03-18,3,22:55:18
578,2026-04-01,4,13:41:52
579,2026-04-27,4,22:25:44
580,2026-02-02,2,09:21:37
581,2026-01-28,1,12:34:27
582,2026-02-21,2,21:45:27
583,2026-03-10,3,21:30:57
584,2026-01-24,1,12:15:58
585,2026-02-05,2,22:11:01
586,2026-02-09,2,11:59:45
587,2026-02-11,2,21:29:01
588,2026-02-06,2,22:21:18
589,2026-04-11,4,17:53:58
590,2026-02-04,2,10:49:40
591,2026-03-25,3,14:55:48
592,2026-03-22,3,07:59:54
593,2026-03-27,3,08:44:45
594,2026-04-22,4,19:08:54
595,2026-01-25,1,19:27:05
596,2026-01-30,1,09:32:19
597,2026-01-24,1,10:03:36
598,2026-01-18,1,15:11:43
599,2026-02-16,2,10:35:22
600,2026-02-15,2,15:39:28
601,2026-02-27,2,09:25:22
602,2026-03-26,3,10:04:16
603,2026-03-07,3,14:53:55
604,2026-02-20,2,22:36:49
605,2026-03-01,3,11:23:35
606,2026-03-02,3,22:21:48
607,2026-03-08,3,08:30:20
608,2026-05-05,5,11:33:44
609,2026-01-22,1,17:55:43
1416,2026-04-28,4,12:47:56
611,2026-04-17,4,07:45:49
612,2026-03-15,3,09:13:15
613,2026-03-12,3,13:32:07
614,2026-01-14,1,07:26:44
615,2026-04-24,4,22:49:38
1472,2026-04-15,4,16:49:55
617,2026-05-06,5,11:53:11
618,2026-02-28,2,16:39:19
619,2026-02-06,2,16:59:44
620,2026-03-30,3,11:01:38
621,2026-02-15,2,20:45:06
622,2026-03-17,3,09:20:00
623,2026-01-12,1,20:29:24
624,2026-04-12,4,20:28:17
625,2026-01-11,1,18:53:52
626,2026-04-27,4,22:25:04
627,2026-03-05,3,20:18:25
628,2026-05-08,5,08:23:38
629,2026-02-02,2,12:03:03
630,2026-04-24,4,18:20:03
631,2026-02-05,2,10:34:02
632,2026-04-10,4,10:09:37
633,2026-04-11,4,18:02:16
634,2026-02-23,2,16:27:04
635,2026-04-27,4,20:03:20
636,2026-02-01,2,18:14:00
637,2026-04-13,4,10:04:16
638,2026-03-02,3,11:12:39
639,2026-01-24,1,07:35:19
640,2026-05-09,5,08:31:02
641,2026-04-04,4,16:35:46
642,2026-04-01,4,17:00:38
643,2026-04-22,4,20:14:17
644,2026-01-15,1,07:53:27
645,2026-04-12,4,16:14:43
646,2026-03-25,3,13:30:28
647,2026-02-10,2,22:35:56
648,2026-04-15,4,13:49:57
649,2026-04-12,4,11:38:29
650,2026-03-20,3,11:03:16
651,2026-01-30,1,17:41:50
652,2026-01-25,1,13:00:51
653,2026-01-29,1,09:46:17
654,2026-04-30,4,11:44:54
655,2026-04-14,4,12:56:32
656,2026-04-13,4,21:14:26
657,2026-03-21,3,20:19:15
658,2026-02-16,2,19:26:37
659,2026-04-08,4,14:06:44
660,2026-01-12,1,18:28:45
661,2026-03-01,3,14:13:26
662,2026-03-04,3,21:35:11
663,2026-02-13,2,10:58:19
664,2026-04-27,4,09:39:42
665,2026-03-28,3,20:40:00
666,2026-03-26,3,22:53:01
667,2026-01-10,1,13:48:40
668,2026-03-27,3,17:01:02
669,2026-04-11,4,09:23:49
670,2026-01-23,1,14:02:40
671,2026-03-10,3,21:28:05
672,2026-03-01,3,17:47:44
673,2026-01-14,1,14:31:05
674,2026-02-09,2,18:11:30
675,2026-03-28,3,22:21:52
676,2026-04-21,4,22:31:16
677,2026-02-05,2,08:52:34
678,2026-01-29,1,10:48:22
679,2026-04-04,4,22:43:33
680,2026-02-28,2,11:25:37
681,2026-02-23,2,19:37:18
682,2026-04-10,4,16:56:54
683,2026-02-13,2,15:15:20
684,2026-02-10,2,07:53:26
685,2026-05-02,5,21:45:28
686,2026-03-10,3,11:06:24
687,2026-05-05,5,16:38:16
688,2026-05-09,5,07:00:03
689,2026-02-25,2,09:55:43
1961,2026-05-09,5,11:19:23
691,2026-04-20,4,10:08:47
692,2026-03-31,3,20:22:59
693,2026-04-28,4,10:22:41
694,2026-04-18,4,20:42:05
695,2026-04-01,4,07:38:53
696,2026-04-19,4,14:10:58
697,2026-05-06,5,09:14:01
698,2026-01-16,1,16:14:05
699,2026-01-17,1,07:19:34
700,2026-02-06,2,14:06:25
701,2026-03-12,3,14:57:18
702,2026-02-09,2,21:07:24
703,2026-03-09,3,16:17:12
704,2026-01-28,1,19:02:29
705,2026-03-01,3,20:19:19
706,2026-04-02,4,17:56:57
707,2026-01-21,1,14:59:40
708,2026-01-19,1,07:58:53
709,2026-02-01,2,20:03:38
710,2026-01-28,1,21:17:27
711,2026-01-27,1,21:12:04
712,2026-01-24,1,22:29:06
713,2026-01-21,1,11:01:38
714,2026-01-30,1,19:40:13
715,2026-04-29,4,10:22:01
716,2026-01-26,1,15:03:45
717,2026-01-21,1,21:51:27
718,2026-04-28,4,15:31:41
719,2026-02-09,2,08:24:19
720,2026-03-18,3,22:17:57
721,2026-05-01,5,14:36:42
722,2026-04-13,4,20:37:56
723,2026-02-15,2,17:22:22
724,2026-04-04,4,21:22:10
725,2026-04-23,4,21:55:06
726,2026-01-26,1,14:12:20
727,2026-04-21,4,22:34:09
728,2026-01-13,1,19:34:11
729,2026-02-21,2,15:17:31
730,2026-01-22,1,07:49:22
731,2026-03-02,3,11:27:47
732,2026-01-25,1,20:44:51
733,2026-05-01,5,20:39:10
734,2026-03-04,3,12:22:10
735,2026-02-02,2,16:07:42
736,2026-02-07,2,16:11:24
737,2026-01-20,1,18:43:52
738,2026-04-04,4,12:39:52
739,2026-01-20,1,20:09:04
740,2026-03-22,3,20:21:43
741,2026-02-20,2,14:17:49
742,2026-02-13,2,08:59:00
743,2026-03-13,3,12:25:59
744,2026-02-17,2,10:28:31
745,2026-03-06,3,20:57:48
746,2026-05-09,5,15:16:47
747,2026-05-02,5,10:58:58
748,2026-04-15,4,22:39:07
749,2026-01-29,1,22:37:10
750,2026-03-27,3,07:36:40
751,2026-02-20,2,15:26:18
752,2026-02-03,2,09:50:36
753,2026-02-25,2,17:02:12
754,2026-03-28,3,07:40:22
755,2026-04-02,4,07:03:06
756,2026-03-18,3,17:26:10
757,2026-04-16,4,08:49:08
758,2026-03-20,3,21:12:21
759,2026-01-21,1,11:31:05
760,2026-02-03,2,12:07:01
761,2026-02-09,2,17:22:12
762,2026-03-14,3,10:50:16
763,2026-04-28,4,15:25:01
764,2026-02-20,2,20:17:43
765,2026-01-31,1,13:55:06
766,2026-01-13,1,11:39:07
767,2026-02-20,2,19:21:10
768,2026-04-30,4,07:37:36
769,2026-03-14,3,07:38:16
770,2026-01-19,1,10:40:41
771,2026-04-01,4,22:05:39
772,2026-05-10,5,17:20:41
773,2026-02-18,2,18:27:09
774,2026-02-23,2,21:15:41
775,2026-02-23,2,16:09:35
776,2026-01-14,1,14:35:22
777,2026-05-06,5,17:04:38
778,2026-01-24,1,10:25:46
779,2026-04-29,4,22:05:19
780,2026-05-05,5,14:34:31
781,2026-04-16,4,20:08:28
782,2026-02-06,2,18:30:07
783,2026-03-04,3,09:23:38
784,2026-04-22,4,12:41:30
785,2026-02-17,2,22:52:08
786,2026-02-08,2,15:44:55
787,2026-01-18,1,22:58:29
788,2026-02-25,2,17:15:11
789,2026-03-01,3,13:37:09
790,2026-03-24,3,17:36:29
791,2026-02-14,2,09:13:04
792,2026-04-09,4,21:34:59
793,2026-05-02,5,16:28:21
794,2026-03-09,3,16:31:52
795,2026-02-20,2,09:40:26
796,2026-01-30,1,07:52:15
797,2026-02-18,2,07:29:11
798,2026-03-14,3,14:00:28
799,2026-04-25,4,20:01:17
800,2026-05-01,5,18:31:27
801,2026-02-25,2,22:58:59
802,2026-03-10,3,10:29:50
803,2026-01-27,1,14:53:53
804,2026-02-03,2,13:19:45
805,2026-01-27,1,19:42:11
806,2026-01-11,1,21:05:14
807,2026-04-16,4,20:18:43
808,2026-03-26,3,07:32:04
809,2026-04-10,4,17:59:55
810,2026-03-20,3,20:05:29
811,2026-03-07,3,17:09:49
812,2026-01-19,1,13:25:05
813,2026-04-07,4,09:33:44
814,2026-02-11,2,08:36:14
815,2026-03-03,3,16:59:45
816,2026-03-25,3,09:03:50
817,2026-05-03,5,11:57:28
818,2026-02-25,2,07:49:42
819,2026-03-08,3,07:11:58
820,2026-02-12,2,17:05:00
821,2026-01-21,1,10:14:21
822,2026-01-14,1,22:23:59
823,2026-03-30,3,13:28:34
824,2026-01-18,1,08:38:47
825,2026-04-13,4,13:33:04
826,2026-01-19,1,16:08:42
827,2026-03-30,3,22:08:24
828,2026-03-18,3,18:48:24
829,2026-02-08,2,08:05:40
830,2026-04-14,4,14:42:48
831,2026-05-08,5,12:52:07
832,2026-04-30,4,22:04:36
833,2026-03-29,3,09:42:23
834,2026-02-25,2,08:23:27
835,2026-03-08,3,16:36:55
836,2026-02-02,2,07:54:33
837,2026-04-12,4,11:19:08
838,2026-01-26,1,13:18:53
839,2026-02-04,2,07:06:18
840,2026-01-23,1,22:47:21
841,2026-05-10,5,22:29:52
842,2026-01-21,1,10:31:11
843,2026-04-13,4,22:36:19
844,2026-02-13,2,17:35:27
845,2026-03-06,3,17:06:53
846,2026-02-26,2,15:38:53
847,2026-03-23,3,20:18:06
848,2026-03-08,3,20:45:50
849,2026-01-12,1,16:06:25
850,2026-03-08,3,14:08:03
851,2026-01-22,1,07:10:59
852,2026-02-27,2,19:48:02
853,2026-04-12,4,09:27:40
854,2026-04-02,4,18:14:31
855,2026-03-24,3,07:48:04
856,2026-04-17,4,10:10:44
857,2026-04-16,4,08:19:36
858,2026-03-04,3,09:20:12
859,2026-01-28,1,13:27:31
860,2026-04-28,4,19:07:50
861,2026-03-22,3,12:32:31
862,2026-01-24,1,12:29:53
863,2026-03-23,3,14:54:15
864,2026-05-07,5,11:44:45
865,2026-04-17,4,13:47:48
866,2026-04-02,4,12:05:43
867,2026-02-17,2,07:46:42
868,2026-03-16,3,20:11:10
869,2026-04-30,4,22:02:03
870,2026-01-12,1,10:24:07
871,2026-02-13,2,10:03:44
872,2026-03-23,3,17:27:55
873,2026-04-27,4,18:54:41
874,2026-01-19,1,15:50:56
875,2026-03-08,3,11:16:05
876,2026-03-09,3,17:42:02
877,2026-01-16,1,17:37:54
878,2026-04-12,4,14:28:21
879,2026-01-24,1,14:34:46
880,2026-02-10,2,21:40:01
881,2026-03-17,3,20:58:38
882,2026-03-15,3,15:58:04
883,2026-03-08,3,17:28:22
884,2026-02-06,2,20:18:23
885,2026-04-20,4,22:20:02
886,2026-05-03,5,17:12:24
888,2026-03-29,3,14:27:16
889,2026-02-09,2,20:05:37
890,2026-04-25,4,09:20:32
891,2026-04-20,4,09:39:24
892,2026-03-28,3,08:36:01
893,2026-04-23,4,08:35:26
894,2026-04-17,4,13:35:27
895,2026-01-13,1,15:35:07
896,2026-03-16,3,14:12:41
897,2026-05-03,5,09:18:18
898,2026-02-19,2,12:12:30
899,2026-02-23,2,16:26:32
900,2026-04-30,4,21:58:39
901,2026-02-14,2,11:43:08
902,2026-05-10,5,07:52:51
903,2026-02-21,2,20:11:26
904,2026-05-05,5,07:10:31
905,2026-03-01,3,16:02:20
906,2026-02-25,2,21:14:54
907,2026-04-17,4,07:27:58
908,2026-03-25,3,10:25:15
909,2026-05-10,5,07:49:25
910,2026-04-24,4,20:02:26
911,2026-01-22,1,18:17:20
912,2026-01-15,1,18:22:22
913,2026-02-02,2,19:28:28
914,2026-03-31,3,21:32:58
915,2026-02-26,2,19:35:16
916,2026-05-03,5,16:53:59
917,2026-05-05,5,13:38:01
918,2026-01-19,1,07:57:31
919,2026-03-05,3,22:58:45
920,2026-01-25,1,22:01:15
921,2026-03-02,3,18:28:57
922,2026-05-03,5,22:06:21
923,2026-03-28,3,22:25:47
924,2026-02-01,2,19:19:17
925,2026-01-20,1,16:27:24
926,2026-03-26,3,22:54:03
927,2026-03-24,3,18:14:27
928,2026-04-23,4,11:41:05
929,2026-02-16,2,09:36:19
930,2026-02-16,2,21:45:13
931,2026-02-16,2,12:31:02
932,2026-05-07,5,20:04:52
933,2026-01-11,1,22:39:54
934,2026-04-02,4,13:39:52
935,2026-03-30,3,19:03:55
936,2026-02-22,2,22:36:38
937,2026-05-03,5,21:10:31
939,2026-01-31,1,10:37:32
940,2026-03-12,3,19:40:56
941,2026-04-03,4,22:36:57
942,2026-02-09,2,19:32:13
943,2026-02-21,2,07:30:22
944,2026-04-05,4,18:07:24
945,2026-04-24,4,16:07:15
946,2026-03-29,3,09:59:49
947,2026-01-27,1,10:43:16
948,2026-03-23,3,10:19:15
949,2026-03-12,3,10:32:21
950,2026-04-22,4,20:18:22
951,2026-01-25,1,09:14:37
952,2026-01-20,1,16:58:01
953,2026-02-14,2,09:15:22
954,2026-03-01,3,18:35:16
955,2026-03-05,3,08:46:29
956,2026-03-06,3,22:22:51
957,2026-04-22,4,15:56:38
958,2026-02-04,2,21:52:21
959,2026-05-03,5,11:39:58
960,2026-01-29,1,15:29:54
961,2026-03-11,3,10:03:44
962,2026-03-04,3,15:54:24
963,2026-03-14,3,11:01:57
964,2026-01-28,1,19:38:27
965,2026-02-10,2,09:02:56
966,2026-03-06,3,09:15:00
967,2026-02-22,2,17:16:40
968,2026-04-09,4,12:09:46
969,2026-03-18,3,14:52:11
970,2026-04-18,4,18:22:08
971,2026-05-05,5,19:26:26
972,2026-02-27,2,14:27:17
973,2026-04-18,4,09:28:43
974,2026-01-12,1,07:25:34
975,2026-03-21,3,15:38:05
976,2026-01-25,1,14:26:48
977,2026-05-09,5,22:24:15
978,2026-04-18,4,13:52:36
979,2026-03-26,3,13:37:10
980,2026-04-20,4,10:30:22
981,2026-04-17,4,17:10:08
982,2026-01-31,1,22:31:15
983,2026-04-01,4,11:56:41
984,2026-03-23,3,20:43:15
985,2026-02-08,2,20:09:45
986,2026-05-05,5,14:36:51
987,2026-02-11,2,11:09:07
988,2026-02-17,2,12:35:32
989,2026-02-12,2,17:35:57
990,2026-02-15,2,17:25:54
991,2026-03-28,3,19:18:04
992,2026-02-06,2,12:27:01
993,2026-02-28,2,12:49:12
994,2026-04-04,4,09:31:34
995,2026-02-22,2,11:22:50
996,2026-03-22,3,11:29:40
997,2026-01-17,1,14:28:47
998,2026-02-27,2,22:00:13
999,2026-02-17,2,10:19:25
1000,2026-02-12,2,15:17:02
1001,2026-05-07,5,21:36:17
1002,2026-01-16,1,17:26:11
1003,2026-05-10,5,19:59:08
1004,2026-04-08,4,18:41:27
1005,2026-04-18,4,07:32:33
1006,2026-04-18,4,21:05:08
1007,2026-02-26,2,16:30:22
1008,2026-03-23,3,13:24:33
1009,2026-04-12,4,20:08:51
1010,2026-02-28,2,20:55:13
1011,2026-04-06,4,16:31:12
1012,2026-02-14,2,17:06:03
1013,2026-01-27,1,10:13:00
1014,2026-03-29,3,16:39:34
1015,2026-01-21,1,10:25:29
1016,2026-03-23,3,16:28:46
1017,2026-01-31,1,07:45:15
1018,2026-02-20,2,22:31:08
1019,2026-01-18,1,13:55:36
1020,2026-02-08,2,12:59:46
1021,2026-02-16,2,10:03:36
1022,2026-03-04,3,19:32:04
1023,2026-02-02,2,21:54:29
1024,2026-03-23,3,10:17:43
1025,2026-04-17,4,21:06:34
1026,2026-01-12,1,09:52:00
1027,2026-01-14,1,11:16:08
1028,2026-05-04,5,19:58:01
1029,2026-04-01,4,15:58:43
1030,2026-03-09,3,12:03:47
1031,2026-05-03,5,07:53:42
1032,2026-03-17,3,07:07:07
1033,2026-04-24,4,07:29:33
1034,2026-03-05,3,13:08:15
1035,2026-01-24,1,19:57:07
1036,2026-02-13,2,17:10:33
1037,2026-03-26,3,21:04:02
1038,2026-01-25,1,11:45:00
1039,2026-01-30,1,13:35:44
1040,2026-01-11,1,14:33:30
1041,2026-05-05,5,19:37:42
1042,2026-01-31,1,21:56:27
1043,2026-02-23,2,08:42:29
1044,2026-02-01,2,09:05:26
1045,2026-04-05,4,07:29:41
1046,2026-01-28,1,21:01:24
1047,2026-02-11,2,15:58:44
1048,2026-04-08,4,17:14:31
1050,2026-05-09,5,10:16:29
1051,2026-02-08,2,22:15:40
1052,2026-04-30,4,11:18:34
1053,2026-04-03,4,13:48:30
1054,2026-04-09,4,17:52:47
1055,2026-04-02,4,09:06:09
1056,2026-03-11,3,09:03:54
1057,2026-03-01,3,14:51:48
1058,2026-03-16,3,07:00:07
1059,2026-03-19,3,12:45:51
1060,2026-03-05,3,12:22:17
1061,2026-04-18,4,10:10:51
1062,2026-04-30,4,16:46:51
1063,2026-03-22,3,16:47:43
1064,2026-03-14,3,08:28:06
1065,2026-02-22,2,21:33:48
1066,2026-01-22,1,15:21:37
1067,2026-04-05,4,07:26:28
1068,2026-03-04,3,07:26:07
1069,2026-02-15,2,09:21:52
1070,2026-03-27,3,20:03:54
1071,2026-01-22,1,08:50:29
1072,2026-03-10,3,10:12:39
1073,2026-03-24,3,11:38:40
1074,2026-01-23,1,10:51:42
1075,2026-03-15,3,12:09:26
1076,2026-01-16,1,07:31:46
1077,2026-03-21,3,17:20:48
1078,2026-01-29,1,18:46:45
1079,2026-04-14,4,22:31:46
1080,2026-02-25,2,07:26:44
1081,2026-02-04,2,08:29:51
1082,2026-04-29,4,14:28:20
1083,2026-03-05,3,09:19:34
1084,2026-03-08,3,18:48:13
1085,2026-03-19,3,17:26:02
1086,2026-04-04,4,18:59:57
1087,2026-02-14,2,12:31:07
1088,2026-04-13,4,09:52:35
1089,2026-02-26,2,12:44:51
2124,2026-03-03,3,19:35:24
1091,2026-03-01,3,12:06:47
1092,2026-05-03,5,15:06:34
1093,2026-01-28,1,12:30:44
1094,2026-02-16,2,08:12:53
1095,2026-04-29,4,20:43:49
1096,2026-03-12,3,09:58:33
1097,2026-04-17,4,13:14:27
1098,2026-04-21,4,10:55:35
1099,2026-05-05,5,08:24:04
1100,2026-03-12,3,11:25:22
1101,2026-02-05,2,14:49:16
1102,2026-03-04,3,13:13:57
1103,2026-02-08,2,07:38:05
1104,2026-02-03,2,21:30:06
1105,2026-01-28,1,22:29:32
1106,2026-04-16,4,07:32:32
1107,2026-01-10,1,07:11:44
2199,2026-04-18,4,21:59:46
1109,2026-04-08,4,10:53:52
1110,2026-02-18,2,09:48:48
1111,2026-02-10,2,10:48:21
1112,2026-03-04,3,07:48:58
1113,2026-04-28,4,16:19:24
1114,2026-02-27,2,09:58:48
1115,2026-02-11,2,16:14:57
1117,2026-04-23,4,08:58:53
1118,2026-01-22,1,22:52:46
1119,2026-03-03,3,15:03:28
1120,2026-05-08,5,12:06:01
1121,2026-01-23,1,20:35:52
1122,2026-01-10,1,11:07:51
1123,2026-02-12,2,10:46:21
1124,2026-04-22,4,20:47:02
1125,2026-05-08,5,21:31:54
1126,2026-02-23,2,14:36:14
1127,2026-02-10,2,19:55:33
1129,2026-03-09,3,08:40:26
1130,2026-02-12,2,15:40:59
1131,2026-02-22,2,08:17:39
1132,2026-04-18,4,08:28:36
1133,2026-04-02,4,22:34:46
1134,2026-01-10,1,13:19:19
1135,2026-01-11,1,09:09:11
1136,2026-04-06,4,15:48:35
1137,2026-03-11,3,13:09:04
1138,2026-04-02,4,08:24:20
1139,2026-01-29,1,17:42:37
1140,2026-03-04,3,18:06:00
1141,2026-04-03,4,22:22:17
1142,2026-03-07,3,18:00:48
1143,2026-04-28,4,22:35:48
1144,2026-01-18,1,18:38:08
1145,2026-03-11,3,07:57:19
1146,2026-02-12,2,17:51:12
1147,2026-03-26,3,10:31:55
1148,2026-01-15,1,13:57:30
1149,2026-04-01,4,15:25:35
1150,2026-04-28,4,12:48:25
1151,2026-03-20,3,19:14:16
1152,2026-05-01,5,12:13:32
1153,2026-01-21,1,13:15:57
1154,2026-02-11,2,12:56:07
1155,2026-02-12,2,17:41:49
1156,2026-04-07,4,15:05:38
1157,2026-03-21,3,10:25:20
1158,2026-01-21,1,11:38:53
1159,2026-02-20,2,15:04:14
1160,2026-01-12,1,07:35:54
1161,2026-03-01,3,09:33:49
1162,2026-01-29,1,17:54:04
1163,2026-02-09,2,10:37:43
1164,2026-02-17,2,12:16:25
1165,2026-01-19,1,14:54:26
1166,2026-02-15,2,18:38:36
1167,2026-04-03,4,14:53:44
1168,2026-02-26,2,12:36:44
1169,2026-03-20,3,10:16:54
1170,2026-01-23,1,21:00:34
1171,2026-02-28,2,11:10:44
1172,2026-02-16,2,15:59:30
1173,2026-01-24,1,22:40:57
1174,2026-04-01,4,11:17:54
1175,2026-05-04,5,08:14:16
1176,2026-01-12,1,19:42:57
1177,2026-05-04,5,09:00:06
1178,2026-04-22,4,13:52:22
1179,2026-01-14,1,15:37:21
1180,2026-05-06,5,09:55:03
1181,2026-05-03,5,16:57:28
1182,2026-03-12,3,14:44:44
1183,2026-03-21,3,17:09:39
1184,2026-02-05,2,13:55:42
1185,2026-01-28,1,15:10:14
1186,2026-02-23,2,11:07:42
1187,2026-03-16,3,22:29:38
1481,2026-02-24,2,22:29:42
1189,2026-01-29,1,14:12:11
1190,2026-01-14,1,15:07:12
1191,2026-02-09,2,19:48:27
1192,2026-01-14,1,11:15:45
1194,2026-03-23,3,19:34:44
1195,2026-03-29,3,18:11:00
1196,2026-04-28,4,15:19:32
1197,2026-04-11,4,19:50:00
1198,2026-03-08,3,09:22:14
1199,2026-04-23,4,18:20:02
1200,2026-02-28,2,20:17:29
1201,2026-04-08,4,22:17:50
1202,2026-02-24,2,17:25:27
1203,2026-02-25,2,17:17:56
1204,2026-03-03,3,10:50:46
1205,2026-02-04,2,20:36:57
1206,2026-04-17,4,08:47:51
1207,2026-01-24,1,20:16:47
1208,2026-03-01,3,20:26:40
1209,2026-02-17,2,09:11:40
1210,2026-02-13,2,16:17:45
1211,2026-04-11,4,14:49:22
1212,2026-03-22,3,10:40:25
1213,2026-03-23,3,12:07:37
1214,2026-04-22,4,14:31:39
1215,2026-03-20,3,13:21:11
1216,2026-04-17,4,17:52:22
1217,2026-03-22,3,11:39:07
1218,2026-04-22,4,07:53:20
1219,2026-04-18,4,21:13:40
1220,2026-03-23,3,19:30:03
1221,2026-04-16,4,18:28:27
1222,2026-01-20,1,07:20:54
1223,2026-01-19,1,21:12:15
1224,2026-01-19,1,10:20:40
1225,2026-01-11,1,09:23:34
1226,2026-02-01,2,17:13:59
1227,2026-04-30,4,14:21:24
1228,2026-02-15,2,14:33:07
1229,2026-01-11,1,11:49:10
1230,2026-04-21,4,16:38:32
1231,2026-02-20,2,14:27:51
1232,2026-03-04,3,20:17:50
1233,2026-02-06,2,16:55:16
1234,2026-03-16,3,15:15:19
1235,2026-02-07,2,20:46:29
1236,2026-01-30,1,15:46:23
1237,2026-01-26,1,09:35:50
1238,2026-04-19,4,12:26:10
1239,2026-01-20,1,12:32:07
1240,2026-03-10,3,22:00:47
1241,2026-05-07,5,11:08:25
1242,2026-01-16,1,18:21:38
1243,2026-01-15,1,15:56:02
1244,2026-04-13,4,14:04:14
1245,2026-05-10,5,16:04:26
1246,2026-01-18,1,14:00:48
1247,2026-01-11,1,18:53:14
1248,2026-02-18,2,11:10:51
1249,2026-04-27,4,22:52:57
1250,2026-04-14,4,18:41:24
1251,2026-03-12,3,09:07:03
1252,2026-05-08,5,08:24:29
1253,2026-02-28,2,22:34:58
1254,2026-02-10,2,17:15:37
1255,2026-02-28,2,11:54:00
1256,2026-03-16,3,14:46:32
1257,2026-03-04,3,11:12:59
1258,2026-04-27,4,18:23:29
1259,2026-02-01,2,09:31:47
1260,2026-04-30,4,16:23:45
1261,2026-02-26,2,09:03:57
1262,2026-04-14,4,16:04:51
1263,2026-02-23,2,21:20:01
1264,2026-02-05,2,19:33:27
1265,2026-03-04,3,18:04:55
1266,2026-05-08,5,15:01:53
1267,2026-02-05,2,18:38:59
1268,2026-04-11,4,16:10:29
1269,2026-04-25,4,08:13:13
1270,2026-02-16,2,09:42:50
1271,2026-04-29,4,21:57:28
1864,2026-03-09,3,22:49:11
1273,2026-02-23,2,07:22:44
1274,2026-03-11,3,16:28:46
1275,2026-04-26,4,07:07:00
1276,2026-03-22,3,16:03:51
1277,2026-05-09,5,13:26:43
1278,2026-03-02,3,15:26:00
1279,2026-01-20,1,11:31:17
1280,2026-03-25,3,11:00:49
1281,2026-01-10,1,15:27:01
1282,2026-03-13,3,19:19:54
1283,2026-03-09,3,11:55:13
1284,2026-04-08,4,12:47:11
1285,2026-03-19,3,19:47:12
1286,2026-01-23,1,11:16:01
1287,2026-03-01,3,16:20:23
1288,2026-01-23,1,22:26:55
1289,2026-02-16,2,13:16:26
1290,2026-02-22,2,21:51:13
1291,2026-01-25,1,17:11:45
1292,2026-04-19,4,09:32:42
1293,2026-04-30,4,12:57:18
1294,2026-05-08,5,11:11:06
1295,2026-02-15,2,17:17:19
1296,2026-02-04,2,17:51:07
1297,2026-02-04,2,15:32:29
1298,2026-02-15,2,15:33:28
1299,2026-03-06,3,08:49:37
1300,2026-02-15,2,21:13:09
1301,2026-04-22,4,09:04:37
1302,2026-03-11,3,11:27:45
1303,2026-01-18,1,16:30:31
1304,2026-04-11,4,11:51:46
1305,2026-04-23,4,12:14:12
1306,2026-01-25,1,17:24:40
1307,2026-04-14,4,21:11:26
1308,2026-03-02,3,20:39:57
1309,2026-04-18,4,19:01:06
1310,2026-02-10,2,21:51:11
1311,2026-03-07,3,17:36:43
1312,2026-04-22,4,07:46:02
1313,2026-03-12,3,13:34:02
1314,2026-01-26,1,19:51:53
1315,2026-01-10,1,17:02:07
1316,2026-02-20,2,13:48:10
1317,2026-01-21,1,21:47:49
1318,2026-02-04,2,19:34:18
2405,2026-04-01,4,12:22:20
1320,2026-02-03,2,22:07:33
1321,2026-01-22,1,15:12:50
1322,2026-01-15,1,22:31:14
1323,2026-04-06,4,10:26:28
1324,2026-03-09,3,17:12:20
1325,2026-03-04,3,17:42:49
1326,2026-01-31,1,19:11:39
1327,2026-02-23,2,07:18:30
1328,2026-03-18,3,21:07:32
1329,2026-02-06,2,08:54:35
1330,2026-01-24,1,19:22:18
1331,2026-03-13,3,14:29:15
1332,2026-03-04,3,12:01:39
1333,2026-02-22,2,22:45:31
1334,2026-01-21,1,18:56:18
1335,2026-04-15,4,20:38:05
1336,2026-03-12,3,16:43:41
1337,2026-03-25,3,21:56:56
1339,2026-05-08,5,18:56:13
1340,2026-02-04,2,08:31:40
1341,2026-03-06,3,13:10:04
1342,2026-03-21,3,07:01:55
1343,2026-04-18,4,10:56:58
1344,2026-04-14,4,13:34:25
1345,2026-03-07,3,07:00:11
1346,2026-01-18,1,09:45:15
1347,2026-01-22,1,12:00:05
1348,2026-03-20,3,16:29:30
1349,2026-01-23,1,11:33:11
1350,2026-01-22,1,09:30:14
1351,2026-04-16,4,19:38:28
1352,2026-02-16,2,10:17:58
1353,2026-01-10,1,10:44:18
1354,2026-03-10,3,07:29:49
1355,2026-02-06,2,21:33:25
1356,2026-02-26,2,14:12:19
1357,2026-01-10,1,21:15:46
1358,2026-02-02,2,09:47:11
1359,2026-02-12,2,20:54:18
1360,2026-05-09,5,11:36:03
1361,2026-03-10,3,11:20:44
1362,2026-05-04,5,15:13:25
1363,2026-02-20,2,22:51:53
1364,2026-02-24,2,21:49:47
1365,2026-04-17,4,09:59:36
1366,2026-01-17,1,07:30:23
1367,2026-04-18,4,15:40:12
1368,2026-02-07,2,18:26:10
1369,2026-02-21,2,14:14:12
1370,2026-03-17,3,09:18:09
1371,2026-04-17,4,14:51:59
1372,2026-04-02,4,07:45:53
1373,2026-03-30,3,11:09:40
1374,2026-01-20,1,07:49:17
1375,2026-02-17,2,20:08:07
1376,2026-02-01,2,13:01:21
1377,2026-01-31,1,10:44:39
1378,2026-01-14,1,13:25:14
1379,2026-01-21,1,20:49:46
1380,2026-05-02,5,21:33:42
1381,2026-04-03,4,08:14:21
1382,2026-03-31,3,20:41:33
1383,2026-05-09,5,19:29:25
1384,2026-04-23,4,10:27:40
1385,2026-03-15,3,13:16:21
1386,2026-05-09,5,07:14:16
1387,2026-04-21,4,18:19:44
1388,2026-05-06,5,11:06:00
1389,2026-01-14,1,09:36:03
1390,2026-02-08,2,17:38:55
1391,2026-03-23,3,22:34:51
1392,2026-01-24,1,16:13:26
1393,2026-01-13,1,15:44:30
1394,2026-05-05,5,20:21:46
1395,2026-03-25,3,09:27:22
1396,2026-03-20,3,09:09:57
1397,2026-03-11,3,19:46:13
1398,2026-03-25,3,20:01:45
1399,2026-02-23,2,07:12:33
1400,2026-04-18,4,08:05:58
1401,2026-01-14,1,17:34:00
1402,2026-01-10,1,13:54:21
1403,2026-05-06,5,14:33:00
1404,2026-01-20,1,16:12:43
1405,2026-05-09,5,15:28:28
1406,2026-02-01,2,16:09:29
1407,2026-04-19,4,20:47:35
1408,2026-01-20,1,07:00:43
1409,2026-02-10,2,19:43:00
1410,2026-03-06,3,17:59:31
1411,2026-01-19,1,11:29:24
1412,2026-01-21,1,10:38:27
1413,2026-04-07,4,22:55:19
1414,2026-03-19,3,12:34:45
1415,2026-03-05,3,12:09:15
1417,2026-03-30,3,09:06:09
1418,2026-04-09,4,12:02:49
1419,2026-02-08,2,14:19:01
1420,2026-01-13,1,14:07:32
1421,2026-03-15,3,15:51:07
1422,2026-01-11,1,09:22:54
2478,2026-03-10,3,14:23:30
1424,2026-02-26,2,12:34:41
1425,2026-05-03,5,16:57:06
1426,2026-04-17,4,21:28:51
1427,2026-01-29,1,08:30:53
1428,2026-02-24,2,18:07:07
1429,2026-04-05,4,20:10:29
1430,2026-04-12,4,10:05:50
1431,2026-02-16,2,17:52:33
1432,2026-04-07,4,22:10:22
1433,2026-03-24,3,21:21:41
1434,2026-02-13,2,09:22:45
1435,2026-01-18,1,16:24:23
1436,2026-02-07,2,10:27:36
1437,2026-03-03,3,08:32:46
1438,2026-03-26,3,16:51:01
1439,2026-04-16,4,10:17:30
1440,2026-05-04,5,11:29:23
1441,2026-05-01,5,12:14:03
1442,2026-04-14,4,18:48:47
1443,2026-04-02,4,19:24:52
1444,2026-03-20,3,16:26:05
1445,2026-02-23,2,19:28:23
1446,2026-01-30,1,09:06:45
1447,2026-04-22,4,08:16:32
1448,2026-04-28,4,14:11:03
1449,2026-05-02,5,15:55:21
1450,2026-02-13,2,12:57:42
1451,2026-03-07,3,13:04:31
1452,2026-01-24,1,14:55:43
1453,2026-04-06,4,17:40:12
1454,2026-02-15,2,20:54:51
1455,2026-02-25,2,10:57:06
1456,2026-04-03,4,07:30:24
1457,2026-03-24,3,08:59:44
1458,2026-01-30,1,09:36:15
1460,2026-05-04,5,14:21:28
1461,2026-04-11,4,08:25:28
1462,2026-01-22,1,17:45:56
1463,2026-04-08,4,08:57:51
1464,2026-04-06,4,17:22:34
1465,2026-03-03,3,16:50:54
1466,2026-04-17,4,22:07:18
1467,2026-04-25,4,22:23:52
1468,2026-01-11,1,20:40:08
1469,2026-03-25,3,18:28:11
1470,2026-03-27,3,12:02:20
1471,2026-04-21,4,15:33:53
1473,2026-04-07,4,14:32:16
1474,2026-04-06,4,10:44:27
1475,2026-02-15,2,13:15:42
1476,2026-02-24,2,08:49:31
1477,2026-02-08,2,17:43:50
1478,2026-04-11,4,08:51:08
1479,2026-03-16,3,21:26:51
1480,2026-02-13,2,15:13:00
1482,2026-04-02,4,13:28:39
1483,2026-03-12,3,14:42:01
1484,2026-01-18,1,16:17:15
1485,2026-01-23,1,21:42:22
1486,2026-03-30,3,11:28:25
1487,2026-03-30,3,09:04:15
1488,2026-05-05,5,21:50:16
1489,2026-01-17,1,08:10:25
1490,2026-04-29,4,19:47:06
1491,2026-03-30,3,14:04:58
1492,2026-04-10,4,22:03:09
1493,2026-03-29,3,21:24:41
1494,2026-03-09,3,13:26:06
1495,2026-04-22,4,20:14:07
1496,2026-04-22,4,17:39:51
1497,2026-04-27,4,11:34:39
1498,2026-04-01,4,15:10:58
1499,2026-01-30,1,18:04:43
1500,2026-05-08,5,09:32:08
1501,2026-04-07,4,14:15:57
1502,2026-05-03,5,13:44:07
1503,2026-04-13,4,20:52:52
1504,2026-02-17,2,16:09:42
1505,2026-01-20,1,16:37:05
1506,2026-02-26,2,09:42:08
1507,2026-01-10,1,07:33:17
1508,2026-03-25,3,15:23:37
1509,2026-04-15,4,15:31:24
1510,2026-04-23,4,16:47:17
1511,2026-02-04,2,07:18:23
1512,2026-05-06,5,22:28:56
1513,2026-02-13,2,14:32:17
1514,2026-02-23,2,15:37:27
1515,2026-02-22,2,21:28:48
1516,2026-04-23,4,11:05:47
1517,2026-02-12,2,07:02:10
1518,2026-01-17,1,17:16:21
1519,2026-03-15,3,21:35:44
1520,2026-03-30,3,10:22:11
1521,2026-02-10,2,08:29:02
1522,2026-03-11,3,19:01:40
1523,2026-03-07,3,14:05:57
1524,2026-02-04,2,18:06:20
1525,2026-02-08,2,19:43:06
1526,2026-01-25,1,16:04:03
1527,2026-03-31,3,22:55:00
1528,2026-03-14,3,20:33:42
1529,2026-03-16,3,21:36:29
1530,2026-03-25,3,12:03:22
1531,2026-02-21,2,18:58:51
1532,2026-04-28,4,13:23:34
1533,2026-04-14,4,21:42:22
1534,2026-04-23,4,21:14:59
1535,2026-04-10,4,08:34:18
1536,2026-04-13,4,15:34:57
1537,2026-05-06,5,21:55:13
1538,2026-02-11,2,22:29:03
1539,2026-02-12,2,15:05:11
1540,2026-01-29,1,15:19:41
1541,2026-04-01,4,10:48:42
1542,2026-04-22,4,20:05:40
1543,2026-03-23,3,19:48:42
1544,2026-02-23,2,12:24:00
1545,2026-04-30,4,07:07:00
1546,2026-03-06,3,13:20:24
1547,2026-03-07,3,08:09:08
1548,2026-03-16,3,15:52:01
1549,2026-01-12,1,20:26:29
1550,2026-05-07,5,07:50:27
1551,2026-03-30,3,07:11:54
1552,2026-01-25,1,19:35:31
1553,2026-03-26,3,11:05:43
1554,2026-02-24,2,14:46:09
1555,2026-03-05,3,09:38:05
1556,2026-02-19,2,21:07:41
1557,2026-04-06,4,12:42:51
1558,2026-02-15,2,19:24:25
1559,2026-01-13,1,19:20:48
1560,2026-02-11,2,22:15:14
1561,2026-01-18,1,17:09:52
1562,2026-04-23,4,14:17:13
1563,2026-02-01,2,17:11:17
1564,2026-02-07,2,09:22:57
1565,2026-02-25,2,21:39:06
1566,2026-03-05,3,19:28:04
1567,2026-01-25,1,13:52:11
1568,2026-04-02,4,16:32:20
1569,2026-02-03,2,19:07:12
1570,2026-04-04,4,15:20:16
1571,2026-04-15,4,21:34:58
1572,2026-04-30,4,09:16:40
1573,2026-04-13,4,10:34:12
1574,2026-01-11,1,21:49:22
1575,2026-02-15,2,11:03:34
1576,2026-01-10,1,12:39:22
1577,2026-03-22,3,18:21:46
1578,2026-03-02,3,17:39:20
1579,2026-01-23,1,22:14:27
1580,2026-02-06,2,18:01:30
1581,2026-03-29,3,22:38:07
1582,2026-04-09,4,10:33:31
1583,2026-02-05,2,21:30:13
1584,2026-02-06,2,17:15:53
1585,2026-02-27,2,11:38:24
1586,2026-03-22,3,17:06:12
1587,2026-01-11,1,13:38:15
1588,2026-03-01,3,16:35:38
1589,2026-01-15,1,11:14:48
1590,2026-02-20,2,13:13:19
1591,2026-01-23,1,07:19:37
1592,2026-02-23,2,21:08:25
1593,2026-04-05,4,07:06:41
1594,2026-02-05,2,14:16:55
1596,2026-03-14,3,12:45:26
1597,2026-04-03,4,21:26:34
1598,2026-04-11,4,08:58:56
1599,2026-01-19,1,18:15:47
1600,2026-01-15,1,19:46:42
1601,2026-03-23,3,13:24:59
1602,2026-02-04,2,15:34:35
1603,2026-01-27,1,22:11:06
1604,2026-03-01,3,08:12:24
1605,2026-02-04,2,17:46:26
1606,2026-02-04,2,22:33:27
1607,2026-01-21,1,16:42:37
1608,2026-03-24,3,22:21:05
1609,2026-02-05,2,16:53:06
1610,2026-02-16,2,21:18:11
1611,2026-03-05,3,15:22:09
1612,2026-02-26,2,16:16:33
1613,2026-03-23,3,07:52:24
1614,2026-01-16,1,20:28:38
1615,2026-04-28,4,12:54:46
1616,2026-03-18,3,20:12:15
1617,2026-04-13,4,15:09:54
1618,2026-02-15,2,13:45:24
1619,2026-01-19,1,19:00:14
1620,2026-03-23,3,09:32:37
1621,2026-03-27,3,15:23:29
1622,2026-02-28,2,22:44:35
1623,2026-03-21,3,10:29:28
1624,2026-02-11,2,09:55:12
1625,2026-03-26,3,12:16:46
1626,2026-01-31,1,19:34:32
1627,2026-04-09,4,19:01:40
1628,2026-03-18,3,07:46:34
1629,2026-02-10,2,22:14:07
1630,2026-03-19,3,12:42:58
1631,2026-02-13,2,21:58:59
1632,2026-03-30,3,08:20:17
1633,2026-02-01,2,13:54:33
1634,2026-02-28,2,16:51:02
1635,2026-03-01,3,15:50:05
1636,2026-04-27,4,19:18:47
1637,2026-05-09,5,21:00:22
1638,2026-04-22,4,13:31:22
1639,2026-05-04,5,19:30:31
1640,2026-04-24,4,09:41:29
1641,2026-02-20,2,14:13:31
1642,2026-03-05,3,13:40:14
1643,2026-01-26,1,07:13:38
1644,2026-04-26,4,14:43:26
1645,2026-04-18,4,17:03:21
1646,2026-02-19,2,18:40:22
1647,2026-04-03,4,12:00:32
1648,2026-03-31,3,19:19:25
1649,2026-04-01,4,15:50:55
1650,2026-03-19,3,19:39:11
1651,2026-02-22,2,14:58:22
1652,2026-03-28,3,21:03:43
1653,2026-04-21,4,10:09:07
1654,2026-02-13,2,20:36:07
1655,2026-04-05,4,15:29:24
1656,2026-02-25,2,08:45:32
1657,2026-04-24,4,21:15:38
1658,2026-04-17,4,13:16:52
1659,2026-04-20,4,07:16:57
1660,2026-02-26,2,14:53:17
1661,2026-03-30,3,08:19:59
1662,2026-02-10,2,21:46:18
1663,2026-04-15,4,11:54:21
1664,2026-05-06,5,09:30:05
1665,2026-03-16,3,22:31:38
1666,2026-01-23,1,19:04:20
1667,2026-02-19,2,09:32:44
1668,2026-03-06,3,08:13:06
1669,2026-03-23,3,21:39:25
1670,2026-04-03,4,18:28:02
1671,2026-03-27,3,12:02:18
1672,2026-04-28,4,10:52:42
1673,2026-02-11,2,11:16:53
1674,2026-05-02,5,07:18:05
1675,2026-04-12,4,16:49:37
1676,2026-04-07,4,13:10:44
1677,2026-04-05,4,15:25:38
1678,2026-02-18,2,17:57:45
1679,2026-03-10,3,19:54:56
1680,2026-02-14,2,11:21:20
1681,2026-04-08,4,09:13:49
1682,2026-02-05,2,07:12:29
1683,2026-02-12,2,10:32:09
1684,2026-02-22,2,11:07:44
1685,2026-01-21,1,08:07:57
1686,2026-04-02,4,08:58:41
1687,2026-04-20,4,11:06:10
1688,2026-02-08,2,18:49:06
1689,2026-04-12,4,16:11:36
1690,2026-05-04,5,16:09:47
1691,2026-02-16,2,14:13:13
1692,2026-01-17,1,17:54:12
1693,2026-03-28,3,16:19:04
1694,2026-03-23,3,12:27:28
1695,2026-01-27,1,21:33:50
1696,2026-02-05,2,16:26:06
1697,2026-01-22,1,17:54:06
1698,2026-04-07,4,10:52:15
1699,2026-02-24,2,22:08:27
1700,2026-04-22,4,12:30:00
1701,2026-02-09,2,14:57:02
1702,2026-02-23,2,17:46:12
1703,2026-02-08,2,10:19:46
1704,2026-01-29,1,17:12:40
1705,2026-03-07,3,13:14:20
1706,2026-01-30,1,17:55:25
1707,2026-04-01,4,15:41:12
1708,2026-01-28,1,19:38:47
1709,2026-02-18,2,10:21:05
1710,2026-03-15,3,12:29:05
1711,2026-04-26,4,15:42:43
1712,2026-05-08,5,08:05:40
1713,2026-03-23,3,19:45:35
1714,2026-02-12,2,13:31:30
1715,2026-02-26,2,17:34:33
1716,2026-02-04,2,11:36:43
1717,2026-02-17,2,21:07:57
1718,2026-01-18,1,15:51:35
1719,2026-01-31,1,08:19:13
1720,2026-01-18,1,16:01:03
1721,2026-04-07,4,07:23:33
1722,2026-04-12,4,22:26:13
1723,2026-02-20,2,18:37:16
1724,2026-03-09,3,11:07:42
1725,2026-03-01,3,12:29:50
1726,2026-04-27,4,10:44:25
1727,2026-02-16,2,17:06:31
1728,2026-01-21,1,22:03:34
1729,2026-01-15,1,17:35:39
1730,2026-01-19,1,16:00:42
1731,2026-04-30,4,13:09:23
1732,2026-04-15,4,18:14:04
1733,2026-03-04,3,22:49:50
1734,2026-03-14,3,08:12:54
1735,2026-05-05,5,20:11:18
1736,2026-04-26,4,10:51:33
1737,2026-03-26,3,18:27:04
1738,2026-04-18,4,21:48:50
1739,2026-04-06,4,20:30:45
1740,2026-04-13,4,21:14:22
1741,2026-05-10,5,07:33:33
1742,2026-04-06,4,18:41:35
1743,2026-04-10,4,15:23:41
1744,2026-04-08,4,13:02:50
1745,2026-01-13,1,21:53:00
1746,2026-03-28,3,21:44:09
1747,2026-03-20,3,12:56:43
1748,2026-01-20,1,21:47:40
1749,2026-03-06,3,15:27:52
1750,2026-02-19,2,21:38:28
1751,2026-01-23,1,15:33:50
1752,2026-01-16,1,09:17:32
1753,2026-04-05,4,10:36:56
1754,2026-01-28,1,19:56:45
1755,2026-03-01,3,09:30:23
1756,2026-01-23,1,12:22:37
1757,2026-03-30,3,22:32:17
1758,2026-02-07,2,16:26:52
1759,2026-05-01,5,20:11:38
1760,2026-02-03,2,10:25:39
1761,2026-03-16,3,20:01:55
1762,2026-01-23,1,07:22:27
1763,2026-03-15,3,07:51:53
1764,2026-05-06,5,16:43:21
1765,2026-04-10,4,12:52:03
1766,2026-05-03,5,07:29:50
1767,2026-03-10,3,12:59:39
1768,2026-02-13,2,10:43:29
1769,2026-04-26,4,18:30:28
1770,2026-03-30,3,07:25:11
1771,2026-02-09,2,07:01:13
1772,2026-02-10,2,14:57:32
1774,2026-02-20,2,14:34:20
1775,2026-04-26,4,14:19:22
1776,2026-01-11,1,07:19:49
1777,2026-02-16,2,09:04:04
1778,2026-04-25,4,11:53:25
1779,2026-03-10,3,08:37:52
1780,2026-04-27,4,14:18:54
1781,2026-02-11,2,14:24:10
1782,2026-03-15,3,13:16:12
1783,2026-01-15,1,12:22:55
1784,2026-04-16,4,19:29:13
1785,2026-04-10,4,22:17:25
1786,2026-01-10,1,11:59:08
1787,2026-04-03,4,19:24:48
1788,2026-01-14,1,13:02:20
1789,2026-03-22,3,18:44:07
1790,2026-04-05,4,18:59:28
1791,2026-03-19,3,15:01:23
1792,2026-01-21,1,13:24:54
1793,2026-03-03,3,08:27:43
1794,2026-04-16,4,11:13:57
1795,2026-04-08,4,13:00:15
1796,2026-03-16,3,18:13:38
1797,2026-02-07,2,22:16:58
1798,2026-04-17,4,13:49:38
1799,2026-01-23,1,21:59:18
1800,2026-03-12,3,07:49:48
1801,2026-03-15,3,15:28:19
1802,2026-04-20,4,15:32:44
1803,2026-03-22,3,08:35:01
1804,2026-05-04,5,21:50:20
1805,2026-01-14,1,08:49:30
1806,2026-03-01,3,22:09:42
1807,2026-02-21,2,19:57:38
1808,2026-03-08,3,12:03:13
1809,2026-04-06,4,09:30:00
1810,2026-03-06,3,08:42:27
1811,2026-03-18,3,13:34:08
1812,2026-05-01,5,10:43:26
1813,2026-03-19,3,15:38:01
1814,2026-04-09,4,17:47:28
1815,2026-01-23,1,11:51:43
1816,2026-03-12,3,12:28:16
1817,2026-03-04,3,17:25:30
1818,2026-02-17,2,18:37:27
1819,2026-03-26,3,20:03:38
1820,2026-04-26,4,09:27:42
1821,2026-03-16,3,13:53:12
1822,2026-04-22,4,20:01:35
1823,2026-03-21,3,13:40:42
1824,2026-03-23,3,12:37:09
1825,2026-03-12,3,11:12:12
1826,2026-03-03,3,10:12:55
1827,2026-02-04,2,21:39:45
1828,2026-03-30,3,21:48:15
1829,2026-03-02,3,19:59:53
1830,2026-01-11,1,11:52:26
1831,2026-01-10,1,08:28:56
1832,2026-02-21,2,18:01:09
1833,2026-01-25,1,20:55:07
1834,2026-04-16,4,20:26:24
1835,2026-04-16,4,21:43:53
1836,2026-02-05,2,07:42:48
1837,2026-04-05,4,19:48:16
1838,2026-04-01,4,10:52:43
1839,2026-02-27,2,22:42:21
1840,2026-04-11,4,07:00:34
1841,2026-03-25,3,19:14:07
1842,2026-04-26,4,21:25:01
1843,2026-02-17,2,21:59:37
1844,2026-01-20,1,18:52:39
1845,2026-02-18,2,14:14:36
1846,2026-02-08,2,11:36:34
1847,2026-03-23,3,22:58:12
1848,2026-02-18,2,19:40:08
1849,2026-02-24,2,18:38:03
1850,2026-04-11,4,22:42:37
1851,2026-03-04,3,10:29:14
1852,2026-03-24,3,21:17:08
1853,2026-02-22,2,08:22:27
1854,2026-01-25,1,08:31:44
1855,2026-01-10,1,14:18:36
1856,2026-01-26,1,11:41:44
1857,2026-03-11,3,09:00:56
1858,2026-02-04,2,19:39:19
1859,2026-04-14,4,09:53:10
1860,2026-03-01,3,09:52:07
1861,2026-02-05,2,13:18:56
1862,2026-05-08,5,08:57:39
1863,2026-02-03,2,17:14:43
1865,2026-03-11,3,21:05:31
1866,2026-03-08,3,22:09:15
1867,2026-04-06,4,08:18:00
1868,2026-02-27,2,15:00:49
1869,2026-01-23,1,22:39:39
1870,2026-04-28,4,12:00:10
1871,2026-02-12,2,08:42:43
1872,2026-02-13,2,08:08:40
1873,2026-05-02,5,17:42:34
1874,2026-04-03,4,18:04:53
1875,2026-04-25,4,12:50:53
1876,2026-02-08,2,19:33:40
1877,2026-01-21,1,22:34:38
1878,2026-03-29,3,14:05:57
1879,2026-04-01,4,13:00:47
1880,2026-03-06,3,21:22:56
1881,2026-02-15,2,07:45:55
1882,2026-01-15,1,18:34:28
1883,2026-04-08,4,09:45:44
1884,2026-04-20,4,07:14:49
1885,2026-02-11,2,08:37:26
1886,2026-05-09,5,10:59:08
1887,2026-01-16,1,17:41:50
1888,2026-02-17,2,11:08:19
1889,2026-04-29,4,12:59:44
1890,2026-04-19,4,17:00:28
1891,2026-04-20,4,11:59:53
1892,2026-03-14,3,10:02:11
1893,2026-02-11,2,16:15:44
1894,2026-03-20,3,14:21:21
1895,2026-01-29,1,20:02:31
1896,2026-03-07,3,22:27:54
1897,2026-03-07,3,20:10:12
1898,2026-03-21,3,17:16:38
1899,2026-04-03,4,17:40:08
1900,2026-03-13,3,16:23:35
1901,2026-03-10,3,13:15:29
1902,2026-04-20,4,08:58:56
1903,2026-04-16,4,12:49:43
1904,2026-02-28,2,09:41:09
1905,2026-04-02,4,09:15:01
1906,2026-01-28,1,14:08:14
1907,2026-01-23,1,18:49:32
1908,2026-01-27,1,08:46:31
1909,2026-02-26,2,19:34:13
1910,2026-02-18,2,09:50:53
1911,2026-03-13,3,22:12:47
1912,2026-02-20,2,18:27:50
1913,2026-05-05,5,11:27:50
1914,2026-05-06,5,14:03:18
1915,2026-03-19,3,13:16:17
1916,2026-02-27,2,10:07:51
1917,2026-02-04,2,09:43:11
1918,2026-01-28,1,12:45:07
1919,2026-03-01,3,18:19:27
1920,2026-02-16,2,22:08:14
1921,2026-03-27,3,20:39:35
1922,2026-04-06,4,07:53:59
1923,2026-04-05,4,16:37:17
1924,2026-04-25,4,14:12:19
1925,2026-01-15,1,09:52:28
1926,2026-02-08,2,13:07:33
1927,2026-02-25,2,14:06:11
1928,2026-02-09,2,07:59:47
1929,2026-02-27,2,13:03:31
1930,2026-04-23,4,16:40:57
1932,2026-04-13,4,08:39:15
1933,2026-05-08,5,22:55:35
1934,2026-02-19,2,18:31:38
1935,2026-02-28,2,11:19:36
1936,2026-03-10,3,12:44:31
1937,2026-02-12,2,18:22:24
1938,2026-05-02,5,07:40:08
1939,2026-03-17,3,14:55:40
1940,2026-03-21,3,17:56:56
1941,2026-02-14,2,13:39:18
1942,2026-02-13,2,20:43:09
1943,2026-04-11,4,15:02:19
1944,2026-04-09,4,08:03:15
1945,2026-01-18,1,21:40:44
1946,2026-02-28,2,13:15:07
1947,2026-02-27,2,17:34:35
1948,2026-05-02,5,17:44:28
1949,2026-04-23,4,20:04:24
1950,2026-02-28,2,22:15:17
1951,2026-03-15,3,10:15:39
1952,2026-03-30,3,11:51:23
1953,2026-02-17,2,18:15:40
1954,2026-02-08,2,20:27:26
1955,2026-03-06,3,19:00:03
1956,2026-03-27,3,13:58:33
1957,2026-02-21,2,10:59:08
1958,2026-02-09,2,22:13:04
1959,2026-04-23,4,07:16:23
1962,2026-04-13,4,12:48:17
1963,2026-03-01,3,15:20:33
1964,2026-01-25,1,13:14:19
1965,2026-04-24,4,07:24:06
1966,2026-03-01,3,22:31:38
1967,2026-02-15,2,13:31:01
1968,2026-01-22,1,15:20:42
1969,2026-01-14,1,16:46:36
1970,2026-02-07,2,17:48:50
1971,2026-04-24,4,13:51:19
1972,2026-03-11,3,09:06:47
1973,2026-02-05,2,20:21:56
1974,2026-03-03,3,14:06:01
1975,2026-01-20,1,08:27:43
1976,2026-03-23,3,11:45:07
1977,2026-03-08,3,22:19:01
1978,2026-04-06,4,07:42:48
1979,2026-03-27,3,17:04:19
1980,2026-01-22,1,11:30:12
1981,2026-02-12,2,17:56:49
1982,2026-04-09,4,17:20:25
1983,2026-02-26,2,17:16:26
1984,2026-01-26,1,11:38:48
1985,2026-01-23,1,09:55:25
1986,2026-05-07,5,17:52:30
1987,2026-05-09,5,13:29:46
1988,2026-04-02,4,16:10:58
1989,2026-01-17,1,14:43:45
1990,2026-05-07,5,07:28:46
1991,2026-03-08,3,20:04:50
1992,2026-04-30,4,20:50:10
1993,2026-04-04,4,17:09:41
1994,2026-03-27,3,17:56:15
1995,2026-01-16,1,16:49:19
1996,2026-01-22,1,12:10:13
1997,2026-03-30,3,12:33:42
1998,2026-04-20,4,18:16:39
1999,2026-04-16,4,10:31:30
2000,2026-03-10,3,16:14:43
2001,2026-05-09,5,20:48:45
2002,2026-04-27,4,10:54:53
2003,2026-02-06,2,13:03:19
2004,2026-02-15,2,20:33:02
2005,2026-05-06,5,19:15:05
2006,2026-04-11,4,20:37:20
2007,2026-03-20,3,07:41:56
2008,2026-01-11,1,09:44:58
2009,2026-04-08,4,16:14:13
2010,2026-03-18,3,09:09:32
2011,2026-01-18,1,18:42:38
2012,2026-02-11,2,17:00:23
2013,2026-04-26,4,18:42:25
2014,2026-01-23,1,12:08:53
2015,2026-01-23,1,21:21:16
2016,2026-01-22,1,08:53:38
2017,2026-02-25,2,08:25:53
2018,2026-02-06,2,22:08:17
2019,2026-02-04,2,12:35:05
2020,2026-02-16,2,15:06:28
2021,2026-04-10,4,21:09:14
2022,2026-04-07,4,14:07:19
2023,2026-03-12,3,07:47:22
2024,2026-01-23,1,19:25:16
2025,2026-02-23,2,13:59:39
2026,2026-02-10,2,16:15:01
2027,2026-02-18,2,10:17:34
2028,2026-02-01,2,07:57:06
2029,2026-03-29,3,21:27:11
2030,2026-04-21,4,13:12:28
2031,2026-02-22,2,13:39:55
2032,2026-04-04,4,20:14:21
2033,2026-04-05,4,11:06:58
2034,2026-03-04,3,12:47:55
2035,2026-03-09,3,17:58:00
2036,2026-03-30,3,15:43:34
2037,2026-01-15,1,11:40:45
2038,2026-05-07,5,21:45:28
2039,2026-01-29,1,22:43:18
2040,2026-03-13,3,16:25:21
2041,2026-04-26,4,16:14:06
2042,2026-01-16,1,21:10:12
2043,2026-03-27,3,18:45:04
2044,2026-04-13,4,22:10:36
2045,2026-05-04,5,10:15:46
2046,2026-03-04,3,07:55:42
2047,2026-03-26,3,15:03:13
2048,2026-01-25,1,20:44:43
2049,2026-04-23,4,19:26:30
2050,2026-04-04,4,15:43:20
2051,2026-01-22,1,19:14:10
2052,2026-05-06,5,13:07:23
2053,2026-04-03,4,21:38:57
2054,2026-04-19,4,21:09:20
2055,2026-01-25,1,11:13:54
2056,2026-03-11,3,21:35:26
2057,2026-02-24,2,21:08:55
2058,2026-04-14,4,15:37:24
2059,2026-05-07,5,08:29:01
2060,2026-03-19,3,13:05:28
2061,2026-01-19,1,12:35:40
2062,2026-03-09,3,20:26:45
2063,2026-02-26,2,08:04:23
2064,2026-02-26,2,15:14:28
2065,2026-04-11,4,22:02:42
2066,2026-04-02,4,09:28:51
2067,2026-03-15,3,21:13:40
2068,2026-02-22,2,16:15:17
2069,2026-03-25,3,21:13:52
2070,2026-03-22,3,12:28:20
2071,2026-05-03,5,10:33:52
2072,2026-02-24,2,10:39:34
2073,2026-01-23,1,18:05:48
2074,2026-05-05,5,17:02:12
2075,2026-01-20,1,10:31:18
2076,2026-03-18,3,22:48:00
2077,2026-01-20,1,16:27:48
2078,2026-03-06,3,19:40:13
2079,2026-03-28,3,13:18:26
2080,2026-03-14,3,15:12:52
2081,2026-01-22,1,16:59:39
2082,2026-01-12,1,21:50:02
2083,2026-04-22,4,14:31:10
2084,2026-04-30,4,13:32:03
2085,2026-02-01,2,14:55:05
2086,2026-03-11,3,17:48:08
2087,2026-03-07,3,15:43:35
2088,2026-05-05,5,16:42:45
2090,2026-02-05,2,14:53:21
2091,2026-05-04,5,10:41:38
2092,2026-02-05,2,20:09:30
2093,2026-01-26,1,10:56:25
2094,2026-03-27,3,07:20:01
2095,2026-02-09,2,12:49:20
2096,2026-03-26,3,12:40:20
2097,2026-02-17,2,15:33:42
2098,2026-02-24,2,22:54:37
2099,2026-05-07,5,09:10:17
2100,2026-05-08,5,20:17:33
2101,2026-02-12,2,13:40:58
2102,2026-03-20,3,22:28:39
2103,2026-03-23,3,13:53:21
2104,2026-02-24,2,18:33:13
2105,2026-03-18,3,20:57:56
2106,2026-03-17,3,13:24:48
2107,2026-01-18,1,22:59:25
2108,2026-01-10,1,10:44:29
2109,2026-04-01,4,19:05:06
2110,2026-03-20,3,18:10:17
2111,2026-04-18,4,16:18:29
2112,2026-04-05,4,10:22:47
2113,2026-02-21,2,12:36:59
2114,2026-03-09,3,16:56:10
2115,2026-03-01,3,17:27:18
2116,2026-04-16,4,11:16:58
2117,2026-03-23,3,11:27:15
2118,2026-04-26,4,07:34:16
2119,2026-02-21,2,18:11:53
2120,2026-04-18,4,11:29:31
2121,2026-02-04,2,12:28:24
2122,2026-04-14,4,22:49:05
2123,2026-01-31,1,08:38:08
2125,2026-04-10,4,14:17:15
2126,2026-02-24,2,11:41:01
2127,2026-03-20,3,11:02:23
2128,2026-01-27,1,07:46:16
2129,2026-04-25,4,17:18:20
2130,2026-04-16,4,11:01:54
2131,2026-01-23,1,13:49:22
2132,2026-04-23,4,20:59:29
2133,2026-01-12,1,13:33:00
2134,2026-04-28,4,12:18:35
2135,2026-01-14,1,11:24:36
2136,2026-03-16,3,15:33:19
2137,2026-01-30,1,13:56:10
2138,2026-05-10,5,14:35:01
2139,2026-03-12,3,19:06:58
2140,2026-05-02,5,12:43:38
2141,2026-04-29,4,17:16:48
2142,2026-04-07,4,18:00:45
2143,2026-04-29,4,07:07:32
2144,2026-02-16,2,08:36:28
2145,2026-02-17,2,13:10:02
2146,2026-05-06,5,09:54:10
2147,2026-03-11,3,12:32:02
2148,2026-03-11,3,12:44:02
2149,2026-02-20,2,11:44:53
2150,2026-02-22,2,14:51:42
2151,2026-02-03,2,21:47:27
2152,2026-03-05,3,16:40:51
2153,2026-04-19,4,09:44:53
2154,2026-01-25,1,16:47:23
2155,2026-04-25,4,19:10:12
2156,2026-04-07,4,12:36:06
2157,2026-03-18,3,19:30:17
2158,2026-01-11,1,16:36:34
2159,2026-02-27,2,21:58:59
2160,2026-01-15,1,18:18:20
2161,2026-03-22,3,16:41:33
2162,2026-01-12,1,14:24:52
2163,2026-04-08,4,17:47:25
2164,2026-04-16,4,22:43:19
2165,2026-02-17,2,08:49:58
2166,2026-03-31,3,20:39:46
2167,2026-04-30,4,12:49:07
2168,2026-02-11,2,19:59:07
2169,2026-04-25,4,14:34:12
2170,2026-05-02,5,21:34:22
2171,2026-05-07,5,10:07:16
2172,2026-02-27,2,13:40:39
2173,2026-03-18,3,12:02:32
2174,2026-04-23,4,22:22:27
2175,2026-03-02,3,20:15:48
2176,2026-01-13,1,09:55:16
2177,2026-04-09,4,13:40:02
2178,2026-04-22,4,09:27:41
2179,2026-04-29,4,19:11:19
2180,2026-05-06,5,21:00:42
2181,2026-02-20,2,22:54:38
2182,2026-02-24,2,09:44:09
2183,2026-02-23,2,17:59:08
2184,2026-01-19,1,15:16:51
2185,2026-01-24,1,08:36:03
2186,2026-04-13,4,13:54:31
2187,2026-01-23,1,17:34:34
2188,2026-03-02,3,16:55:19
2189,2026-03-31,3,13:03:12
2190,2026-03-31,3,17:50:18
2191,2026-01-28,1,13:53:59
2192,2026-04-20,4,07:55:39
2193,2026-02-14,2,11:04:31
2194,2026-04-05,4,08:00:25
2195,2026-04-28,4,16:44:14
2196,2026-03-07,3,14:36:35
2197,2026-04-03,4,08:16:39
2198,2026-04-03,4,21:54:59
2200,2026-02-28,2,11:37:33
2201,2026-03-03,3,19:30:41
2202,2026-01-13,1,20:50:47
2203,2026-03-27,3,08:28:06
2204,2026-01-23,1,14:02:47
2205,2026-04-18,4,16:55:47
2206,2026-04-30,4,16:53:26
2207,2026-04-11,4,11:10:08
2208,2026-01-26,1,14:28:18
2209,2026-02-15,2,13:12:15
2210,2026-01-18,1,20:50:44
2211,2026-04-24,4,20:51:25
2212,2026-04-23,4,18:09:25
2213,2026-02-24,2,17:47:06
2214,2026-03-02,3,21:24:23
2215,2026-05-03,5,08:16:20
2216,2026-03-31,3,19:37:00
2217,2026-04-05,4,21:20:25
2218,2026-02-23,2,10:17:14
2219,2026-04-26,4,08:29:08
2220,2026-01-18,1,18:08:26
2221,2026-04-13,4,09:53:48
2222,2026-04-23,4,09:26:30
2223,2026-01-12,1,15:34:50
2224,2026-02-24,2,11:48:06
2225,2026-03-31,3,07:22:43
2226,2026-01-19,1,22:26:45
2227,2026-03-18,3,11:21:29
2228,2026-04-11,4,14:09:29
2229,2026-02-17,2,10:45:21
2230,2026-04-10,4,12:58:20
2231,2026-05-03,5,10:16:19
2232,2026-01-23,1,15:59:52
2233,2026-04-30,4,17:48:10
2234,2026-04-09,4,19:26:10
2235,2026-02-23,2,16:19:57
2236,2026-05-07,5,19:44:50
2237,2026-04-30,4,09:06:35
2238,2026-03-18,3,12:53:36
2239,2026-01-12,1,07:20:17
2240,2026-03-10,3,22:19:24
2241,2026-02-01,2,18:22:51
2242,2026-04-22,4,17:07:16
2243,2026-01-29,1,17:14:04
2244,2026-04-15,4,14:36:24
2245,2026-05-05,5,19:53:04
2246,2026-01-19,1,12:26:02
2247,2026-02-11,2,14:00:11
2248,2026-02-28,2,21:59:47
2249,2026-04-10,4,08:42:29
2250,2026-02-22,2,15:32:11
2251,2026-01-14,1,07:37:35
2252,2026-03-01,3,08:07:36
2253,2026-03-04,3,14:32:17
2254,2026-02-07,2,14:54:30
2255,2026-03-10,3,18:49:16
2256,2026-03-08,3,16:52:58
2257,2026-02-16,2,10:42:50
2258,2026-04-28,4,10:47:53
2259,2026-04-21,4,07:49:44
2260,2026-02-25,2,22:20:31
2261,2026-02-03,2,21:01:45
2262,2026-05-04,5,08:03:56
2263,2026-02-08,2,13:55:30
2264,2026-03-17,3,22:49:42
2265,2026-02-11,2,20:26:00
2266,2026-04-20,4,08:49:41
2267,2026-01-25,1,10:39:40
2268,2026-04-03,4,11:42:42
2269,2026-04-28,4,14:56:47
2270,2026-03-22,3,07:12:04
2271,2026-05-06,5,11:37:39
2272,2026-03-20,3,09:11:58
2273,2026-04-25,4,16:56:44
2274,2026-04-14,4,14:31:12
2275,2026-01-15,1,19:24:35
2276,2026-05-07,5,13:58:33
2277,2026-04-21,4,12:27:34
2278,2026-02-21,2,16:28:41
2279,2026-01-21,1,08:52:10
2280,2026-02-21,2,16:33:10
2281,2026-04-14,4,18:01:14
2282,2026-04-18,4,09:38:35
2283,2026-02-14,2,16:23:38
2284,2026-02-27,2,18:45:35
2285,2026-01-16,1,14:43:58
2286,2026-03-28,3,13:23:54
2287,2026-03-01,3,09:29:01
2288,2026-02-24,2,08:22:53
2289,2026-03-08,3,07:45:46
2290,2026-03-10,3,15:23:56
2291,2026-04-25,4,13:51:45
2292,2026-01-27,1,10:20:33
2293,2026-01-22,1,12:56:16
2294,2026-03-04,3,09:17:26
2295,2026-03-23,3,14:20:24
2296,2026-04-12,4,10:13:06
2297,2026-02-09,2,13:04:22
2298,2026-01-29,1,12:49:56
2299,2026-02-25,2,14:53:41
2300,2026-01-13,1,17:43:33
2301,2026-02-10,2,11:46:23
2302,2026-02-15,2,21:30:28
2303,2026-04-11,4,10:48:15
2304,2026-03-07,3,10:58:17
2305,2026-01-29,1,08:41:23
2306,2026-04-23,4,07:54:58
2307,2026-03-14,3,18:27:53
2308,2026-01-25,1,08:39:08
2309,2026-04-09,4,21:07:07
2310,2026-01-10,1,08:19:43
2311,2026-04-07,4,11:30:20
2312,2026-05-08,5,15:12:44
2313,2026-02-04,2,18:50:16
2314,2026-04-01,4,10:28:29
2315,2026-03-01,3,21:58:23
2316,2026-03-13,3,17:41:21
2317,2026-01-22,1,21:46:20
2318,2026-04-06,4,09:59:45
2319,2026-01-28,1,20:50:17
2320,2026-01-11,1,21:55:14
2321,2026-03-20,3,11:09:51
2322,2026-05-05,5,11:50:43
2323,2026-03-06,3,12:22:40
2324,2026-01-11,1,08:17:49
2325,2026-01-14,1,13:18:36
2326,2026-03-31,3,08:34:26
2327,2026-01-11,1,19:34:40
2328,2026-01-31,1,12:50:35
2329,2026-04-12,4,21:56:04
2331,2026-02-21,2,15:57:45
2332,2026-02-10,2,16:04:50
2333,2026-03-03,3,09:38:24
2334,2026-04-06,4,15:27:04
2335,2026-04-23,4,20:12:39
2336,2026-02-21,2,10:31:09
2337,2026-04-14,4,16:55:49
2338,2026-05-01,5,20:35:15
2339,2026-02-04,2,12:55:40
2340,2026-01-23,1,14:02:18
2341,2026-03-22,3,14:53:26
2342,2026-04-12,4,21:58:36
2343,2026-02-08,2,09:34:12
2344,2026-02-21,2,19:12:49
2345,2026-02-01,2,10:06:12
2346,2026-04-30,4,14:50:00
2347,2026-04-22,4,16:11:13
2348,2026-03-22,3,13:28:38
2349,2026-01-12,1,13:34:50
2350,2026-03-25,3,15:39:00
2351,2026-01-29,1,16:01:29
2352,2026-01-22,1,12:18:20
2353,2026-03-24,3,22:40:25
2354,2026-02-11,2,21:15:20
2355,2026-03-20,3,17:31:46
2356,2026-01-14,1,10:56:57
2357,2026-04-16,4,07:23:25
2358,2026-01-20,1,22:17:59
2359,2026-04-02,4,18:22:57
2360,2026-04-15,4,21:39:44
2361,2026-03-27,3,17:09:23
2362,2026-02-11,2,20:28:53
2363,2026-04-17,4,17:02:20
2364,2026-01-30,1,11:08:31
2365,2026-02-05,2,16:14:38
2366,2026-01-19,1,07:06:24
2367,2026-05-01,5,12:42:46
2368,2026-02-21,2,19:19:59
2369,2026-04-18,4,21:06:32
2370,2026-04-02,4,11:28:15
2371,2026-02-21,2,10:10:23
2372,2026-01-13,1,13:54:29
2373,2026-05-04,5,21:58:58
2374,2026-04-27,4,14:04:35
2375,2026-03-29,3,14:03:02
2376,2026-02-24,2,22:34:35
2377,2026-04-19,4,08:58:10
2378,2026-01-21,1,17:00:25
2379,2026-04-29,4,17:49:04
2380,2026-01-19,1,16:42:37
2381,2026-05-10,5,10:08:58
2382,2026-01-22,1,16:20:56
2383,2026-03-28,3,15:52:00
2384,2026-02-27,2,20:01:43
2385,2026-04-13,4,13:57:23
2386,2026-03-30,3,12:30:45
2387,2026-01-15,1,22:32:29
2388,2026-03-24,3,09:12:01
2389,2026-05-10,5,14:48:24
2390,2026-01-30,1,13:47:22
2391,2026-04-11,4,07:42:50
2392,2026-03-29,3,07:56:16
2393,2026-01-26,1,13:31:59
2394,2026-04-25,4,09:32:35
2395,2026-02-17,2,16:34:33
2396,2026-04-30,4,11:24:24
2397,2026-02-25,2,11:10:09
2398,2026-03-04,3,09:54:04
2399,2026-03-02,3,18:31:58
2400,2026-04-08,4,17:13:09
2401,2026-02-23,2,14:52:24
2402,2026-01-31,1,12:38:09
2403,2026-01-19,1,17:46:56
2404,2026-03-02,3,22:50:00
2406,2026-04-14,4,14:13:14
2407,2026-02-20,2,17:08:23
2408,2026-02-24,2,20:38:24
2409,2026-01-25,1,17:44:40
2410,2026-02-11,2,20:44:11
2411,2026-05-10,5,15:31:23
2412,2026-05-03,5,16:17:32
2413,2026-04-06,4,09:37:14
2414,2026-02-05,2,22:41:16
2415,2026-03-19,3,22:01:36
2416,2026-04-30,4,09:59:01
2417,2026-02-12,2,10:52:39
2418,2026-03-20,3,13:00:44
2419,2026-02-04,2,22:09:25
2420,2026-02-09,2,09:02:53
2421,2026-05-08,5,07:59:06
2422,2026-03-09,3,08:43:49
2423,2026-02-23,2,22:05:12
2424,2026-04-02,4,13:24:02
2425,2026-02-25,2,19:15:28
2426,2026-03-03,3,18:16:51
2427,2026-02-09,2,21:18:07
2428,2026-04-21,4,20:32:00
2429,2026-04-12,4,17:29:34
2430,2026-04-13,4,21:09:08
2431,2026-01-14,1,21:14:36
2432,2026-03-25,3,17:05:19
2433,2026-01-23,1,14:30:03
2434,2026-02-24,2,20:40:13
2435,2026-02-01,2,22:01:41
2436,2026-02-13,2,10:36:08
2437,2026-04-23,4,07:18:06
2438,2026-02-09,2,16:48:56
2440,2026-04-25,4,16:31:42
2441,2026-05-07,5,18:06:53
2442,2026-03-07,3,15:24:09
2443,2026-01-26,1,10:28:34
2444,2026-01-16,1,09:08:59
2445,2026-02-13,2,10:57:34
2446,2026-01-29,1,11:13:33
2447,2026-01-24,1,13:59:17
2448,2026-02-05,2,10:56:20
2449,2026-03-06,3,16:34:19
2450,2026-02-02,2,14:42:38
2451,2026-01-21,1,15:45:18
2452,2026-02-16,2,20:06:25
2453,2026-03-31,3,08:19:08
2454,2026-02-25,2,15:10:21
2455,2026-04-30,4,15:13:10
2456,2026-03-11,3,17:35:47
2457,2026-01-29,1,10:00:34
2458,2026-05-02,5,22:07:32
2459,2026-01-18,1,11:28:29
2460,2026-01-21,1,14:33:05
2461,2026-01-15,1,18:14:02
2462,2026-04-07,4,07:20:35
2463,2026-04-10,4,13:25:58
2464,2026-05-05,5,07:09:14
2465,2026-04-13,4,08:30:26
2466,2026-01-29,1,17:27:41
2467,2026-03-21,3,10:08:14
2468,2026-03-22,3,10:28:53
2469,2026-01-16,1,14:17:54
2470,2026-03-22,3,09:12:16
2471,2026-04-11,4,09:40:53
2472,2026-03-20,3,11:29:48
2473,2026-03-12,3,15:14:10
2474,2026-02-05,2,11:12:41
2475,2026-02-10,2,13:11:13
2476,2026-04-20,4,22:21:22
2477,2026-03-01,3,21:54:09
2479,2026-02-13,2,22:31:22
2480,2026-03-13,3,22:57:23
2481,2026-02-24,2,22:07:33
2482,2026-01-13,1,09:14:23
2483,2026-03-31,3,07:34:39
2484,2026-04-15,4,14:44:36
2485,2026-03-21,3,16:30:35
2486,2026-03-04,3,18:51:39
2487,2026-01-19,1,21:36:16
2488,2026-04-16,4,10:23:46
2489,2026-04-05,4,07:45:06
2490,2026-05-07,5,14:36:58
2491,2026-04-17,4,08:43:03
2492,2026-02-01,2,20:53:29
2493,2026-01-16,1,17:55:16
2494,2026-04-18,4,18:24:15
2495,2026-01-31,1,13:50:29
2496,2026-02-06,2,16:04:26
2497,2026-02-07,2,19:19:55
2498,2026-02-15,2,12:58:05
2499,2026-05-05,5,13:38:20
2500,2026-02-25,2,20:53:28
